Tribe,Food_Insecurity_Rate_2018_H,Child_Food_Insecurity_Rate_2018_H,Cost_Per_Meal_2018_H,Weighted_Annual_Food_Budget_Shortfall_2018_H,Food_Insecurity_Rate_2018_P,Child_Food_Insecurity_Rate_2018_P,Cost_Per_Meal_2018_P,Weighted_Annual_Food_Budget_Shortfall_2018_P,Food_Security_Rate_2018_H,Child_Food_Security_Rate_2018_H,Food_Security_Rate_2018_P,Child_Food_Security_Rate_2018_P,nccpi3all_H,nccpi3sg_H,nccpi3cot_H,nccpi3soy_H,nccpi3corn_H,nccpi3all_P,nccpi3sg_P,nccpi3cot_P,nccpi3soy_P,nccpi3corn_P,temp_mean_1_H,temp_mean_2_H,temp_mean_3_H,temp_mean_4_H,temp_mean_5_H,temp_mean_6_H,temp_mean_7_H,temp_mean_8_H,temp_mean_9_H,temp_mean_10_H,temp_mean_11_H,temp_mean_12_H,temp_mean_ann_H,temp_std_1_H,temp_std_2_H,temp_std_3_H,temp_std_4_H,temp_std_5_H,temp_std_6_H,temp_std_7_H,temp_std_8_H,temp_std_9_H,temp_std_10_H,temp_std_11_H,temp_std_12_H,temp_std_ann_H,precip_mean_1_H,precip_mean_2_H,precip_mean_3_H,precip_mean_4_H,precip_mean_5_H,precip_mean_6_H,precip_mean_7_H,precip_mean_8_H,precip_mean_9_H,precip_mean_10_H,precip_mean_11_H,precip_mean_12_H,precip_mean_ann_H,precip_std_1_H,precip_std_2_H,precip_std_3_H,precip_std_4_H,precip_std_5_H,precip_std_6_H,precip_std_7_H,precip_std_8_H,precip_std_9_H,precip_std_10_H,precip_std_11_H,precip_std_12_H,precip_std_ann_H,temp_mean_1_P,temp_mean_2_P,temp_mean_3_P,temp_mean_4_P,temp_mean_5_P,temp_mean_6_P,temp_mean_7_P,temp_mean_8_P,temp_mean_9_P,temp_mean_10_P,temp_mean_11_P,temp_mean_12_P,temp_mean_ann_P,temp_std_1_P,temp_std_2_P,temp_std_3_P,temp_std_4_P,temp_std_5_P,temp_std_6_P,temp_std_7_P,temp_std_8_P,temp_std_9_P,temp_std_10_P,temp_std_11_P,temp_std_12_P,temp_std_ann_P,precip_mean_1_P,precip_mean_2_P,precip_mean_3_P,precip_mean_4_P,precip_mean_5_P,precip_mean_6_P,precip_mean_7_P,precip_mean_8_P,precip_mean_9_P,precip_mean_10_P,precip_mean_11_P,precip_mean_12_P,precip_mean_ann_P,precip_std_1_P,precip_std_2_P,precip_std_3_P,precip_std_4_P,precip_std_5_P,precip_std_6_P,precip_std_7_P,precip_std_8_P,precip_std_9_P,precip_std_10_P,precip_std_11_P,precip_std_12_P,precip_std_ann_P,Acres,Endow_Raised_Parcel,Total_Endow,Total_Acres
"Shoshone-Paiute Tribes of the Duck Valley Reservation, Nevada",0.12706655483804358,0.20137845348683242,3.37794864240668,3.909149878997682e6,0.11710919903984733,0.17151605868233047,3.314775178447373,1.9057136008471337e6,0.8729334451619564,0.7986215465131676,0.8828908009601527,0.8284839413176696,0.06971932604680434,0.06699913913591686,0.009229709322678276,0.028754040537140268,0.001058519466994499,0.1153522550083994,0.10965187900846689,0.001909624041894278,0.06582956514998332,0.03374937696730447,5.684668078166152,7.388684075805704,7.983915251585386,10.625499232155203,13.103838861857021,16.615235050968984,19.44744883160917,19.581299732949347,16.518444250590374,12.970747706263312,7.065018474642415,5.35345622123951,11.861521314251231,2.865681277426328,2.2858745907416873,2.405998526744924,1.9389918030019953,2.2071856315335685,3.2460107929720996,3.201812242236895,3.450189855872964,3.24356525719168,3.047560741563332,2.6491703320677558,2.895954938638188,2.786499665873215,202.34994395550666,170.69380164228318,148.81068902806575,104.93921478533323,73.76843248797492,45.587810852114345,12.702243256737097,19.871423036323588,37.102962871416864,131.02095182368933,194.75953694978494,241.9252293756185,115.29435333983943,135.7534686757468,99.62431439588364,87.38540875680037,68.84242303729857,44.36486862732743,32.13606690127837,12.475271858591483,28.201207951370062,36.37111553859804,122.11440096112361,151.2317140094185,153.02047428925636,80.96006125015577,-1.9777777777499999,0.5055555554999999,2.5555555555000002,7.49999999975,10.5638888875,15.4027777775,20.13611111,18.838888889999996,14.255555554999999,8.05555555525,1.02777777775,-3.5916666667499997,7.772685185,3.3851167967499998,5.3590630405,2.9502163805,3.39488905925,3.112886586,3.4846335235000003,1.8407405275,2.681721885,2.88078728775,2.7470276114999996,3.3712369825,3.8285571297499996,3.2530730675000004,41.708333332500004,33.1027777775,35.5194444425,31.547222222499997,43.583333335,22.391666667499997,20.4583333325,12.241666663499998,15.5666666675,28.966666665,30.233333335,52.85277777750001,30.68101852,24.898607117500003,22.483980800000005,17.235456442500002,15.876663590000001,22.7310071975,15.8779411025,25.809017839999996,18.60600371675,17.167607139999998,21.638040765,14.955100932499999,44.686319335,21.830478829999997,18763.511142199997,24801.900000000023,107363.01000000094,81224.16891621999
"Lovelock Paiute Tribe of the Lovelock Indian Colony, Nevada",0.12706655483804358,0.20137845348683242,3.37794864240668,3.909149878997682e6,0.12200000000000001,0.20900000000000002,3.3999999999999995,467000.0,0.8729334451619564,0.7986215465131676,0.878,0.7909999999999999,0.06971932604680434,0.06699913913591686,0.009229709322678276,0.028754040537140268,0.001058519466994499,0.08221981568189668,0.03070842206386103,0.05251139361803565,0.017759955870638767,0.001,5.684668078166152,7.388684075805704,7.983915251585386,10.625499232155203,13.103838861857021,16.615235050968984,19.44744883160917,19.581299732949347,16.518444250590374,12.970747706263312,7.065018474642415,5.35345622123951,11.861521314251231,2.865681277426328,2.2858745907416873,2.405998526744924,1.9389918030019953,2.2071856315335685,3.2460107929720996,3.201812242236895,3.450189855872964,3.24356525719168,3.047560741563332,2.6491703320677558,2.895954938638188,2.786499665873215,202.34994395550666,170.69380164228318,148.81068902806575,104.93921478533323,73.76843248797492,45.587810852114345,12.702243256737097,19.871423036323588,37.102962871416864,131.02095182368933,194.75953694978494,241.9252293756185,115.29435333983943,135.7534686757468,99.62431439588364,87.38540875680037,68.84242303729857,44.36486862732743,32.13606690127837,12.475271858591483,28.201207951370062,36.37111553859804,122.11440096112361,151.2317140094185,153.02047428925636,80.96006125015577,0.48888888899999994,3.722222222,5.311111111,9.566666667,12.61111111,18.64444444,23.68888889,21.25555556,16.58888889,12.64444444,4.6,0.688888889,10.81759259,2.6035766,3.034706649,1.553580095,1.6970562750000002,1.89238239,2.899185709,2.107394389,2.543182608,1.947077582,3.08994786,2.874021573,2.607893999,2.404167144,19.93333333,16.96666667,31.35555556,21.76666667,37.08888889,14.766666669999998,12.98888889,8.266666667,11.53333333,17.65555556,17.18888889,59.71111111,22.43518519,12.74705848,12.78025821,39.02153608,22.74477962,20.27901899,15.89740545,24.19780178,10.08365013,11.34471242,19.13524961,17.04475318,113.38960979999999,26.55548615,18763.511142199997,24801.900000000023,107363.01000000094,81224.16891621999
"Las Vegas Tribe of Paiute Indians of the Las Vegas Indian Colony, Nevada",0.12706655483804358,0.20137845348683242,3.37794864240668,3.909149878997682e6,0.128,0.193,3.31,1.53292e8,0.8729334451619564,0.7986215465131676,0.872,0.8069999999999999,0.06971932604680434,0.06699913913591686,0.009229709322678276,0.028754040537140268,0.001058519466994499,0.015267543798205772,0.015265723323194385,0.0031255000101913216,0.007220182977791581,0.001,5.684668078166152,7.388684075805704,7.983915251585386,10.625499232155203,13.103838861857021,16.615235050968984,19.44744883160917,19.581299732949347,16.518444250590374,12.970747706263312,7.065018474642415,5.35345622123951,11.861521314251231,2.865681277426328,2.2858745907416873,2.405998526744924,1.9389918030019953,2.2071856315335685,3.2460107929720996,3.201812242236895,3.450189855872964,3.24356525719168,3.047560741563332,2.6491703320677558,2.895954938638188,2.786499665873215,202.34994395550666,170.69380164228318,148.81068902806575,104.93921478533323,73.76843248797492,45.587810852114345,12.702243256737097,19.871423036323588,37.102962871416864,131.02095182368933,194.75953694978494,241.9252293756185,115.29435333983943,135.7534686757468,99.62431439588364,87.38540875680037,68.84242303729857,44.36486862732743,32.13606690127837,12.475271858591483,28.201207951370062,36.37111553859804,122.11440096112361,151.2317140094185,153.02047428925636,80.96006125015577,5.466666667,9.944444444,11.52222222,14.899999999999999,21.099999999999998,26.91111111,27.34444444,29.32222222,24.5,19.42222222,9.522222222,7.033333333,17.24907407,4.224630161,2.119027555,1.435076459,3.861994303,2.262189205,2.452776205,6.668416437,3.551329954,2.235508891,2.889540525,4.226930854,4.563441684,3.3742385189999995,40.8,35.92222222,14.03333333,11.92222222,29.6,5.733333333,17.63333333,9.888888889,9.655555556,15.477777779999998,6.488888889,16.5,17.80462963,35.91416851,34.16605691,12.08242525,14.56208929,59.09496594,11.578860049999998,15.89315891,12.549944669999999,11.376083589999999,16.30673004,10.91357463,28.46489065,21.90857904,18763.511142199997,24801.900000000023,107363.01000000094,81224.16891621999
"Paiute Indian Tribe of Utah (Cedar Band of Paiutes, Kanosh Band of Paiutes, Koosharem Band of Paiutes, Indian Peaks Band of Paiutes, and Shivwits Band of Paiutes)",0.12706655483804358,0.20137845348683242,3.37794864240668,3.909149878997682e6,0.13006257016805794,0.1645254424979167,3.1629031112137342,9.783015272642368e6,0.8729334451619564,0.7986215465131676,0.869937429831942,0.8354745575020833,0.06971932604680434,0.06699913913591686,0.009229709322678276,0.028754040537140268,0.001058519466994499,0.06589223102259233,0.06521885992669375,0.0070551214307464204,0.028722557426555623,0.007453784027833911,5.684668078166152,7.388684075805704,7.983915251585386,10.625499232155203,13.103838861857021,16.615235050968984,19.44744883160917,19.581299732949347,16.518444250590374,12.970747706263312,7.065018474642415,5.35345622123951,11.861521314251231,2.865681277426328,2.2858745907416873,2.405998526744924,1.9389918030019953,2.2071856315335685,3.2460107929720996,3.201812242236895,3.450189855872964,3.24356525719168,3.047560741563332,2.6491703320677558,2.895954938638188,2.786499665873215,202.34994395550666,170.69380164228318,148.81068902806575,104.93921478533323,73.76843248797492,45.587810852114345,12.702243256737097,19.871423036323588,37.102962871416864,131.02095182368933,194.75953694978494,241.9252293756185,115.29435333983943,135.7534686757468,99.62431439588364,87.38540875680037,68.84242303729857,44.36486862732743,32.13606690127837,12.475271858591483,28.201207951370062,36.37111553859804,122.11440096112361,151.2317140094185,153.02047428925636,80.96006125015577,-1.3333333329999997,1.5533333332,2.6666666667999994,6.7644444444,11.302222222000001,16.744444444,21.704444444,20.266666668,15.182222222,9.460000000199999,3.1222222219999995,-1.22,8.8511111116,2.5796658709999996,3.8720265501999998,2.7326724091999997,2.0202079736,3.0284989292,2.4272095034,2.746220545,3.0974607164,3.0166065396,1.7470247155999998,4.001134620599999,3.4485934031999994,2.8931101482000003,37.224444444,43.34888889,38.97777778,37.451111112,35.431111109999996,29.56222222,23.733333333999997,30.933333332000004,28.953333331999996,38.12222222199999,32.273333332,22.188888891999998,33.183333336,24.080867542,38.890910334,23.971239358,28.953573902,28.085154003999996,28.214344501999996,23.957384284,22.113722818,27.209478031999996,25.218003603999996,46.122817374,21.604000278,28.201791336,18763.511142199997,24801.900000000023,107363.01000000094,81224.16891621999
"Fort Independence Indian Community of Paiute Indians of the Fort Independence Reservation, California",0.12706655483804358,0.20137845348683242,3.37794864240668,3.909149878997682e6,0.105,0.144,3.27,1.052e6,0.8729334451619564,0.7986215465131676,0.895,0.856,0.06971932604680434,0.06699913913591686,0.009229709322678276,0.028754040537140268,0.001058519466994499,0.07335097989329237,0.05127947354966941,0.05536698682536013,0.021847049245886846,0.001,5.684668078166152,7.388684075805704,7.983915251585386,10.625499232155203,13.103838861857021,16.615235050968984,19.44744883160917,19.581299732949347,16.518444250590374,12.970747706263312,7.065018474642415,5.35345622123951,11.861521314251231,2.865681277426328,2.2858745907416873,2.405998526744924,1.9389918030019953,2.2071856315335685,3.2460107929720996,3.201812242236895,3.450189855872964,3.24356525719168,3.047560741563332,2.6491703320677558,2.895954938638188,2.786499665873215,202.34994395550666,170.69380164228318,148.81068902806575,104.93921478533323,73.76843248797492,45.587810852114345,12.702243256737097,19.871423036323588,37.102962871416864,131.02095182368933,194.75953694978494,241.9252293756185,115.29435333983943,135.7534686757468,99.62431439588364,87.38540875680037,68.84242303729857,44.36486862732743,32.13606690127837,12.475271858591483,28.201207951370062,36.37111553859804,122.11440096112361,151.2317140094185,153.02047428925636,80.96006125015577,2.988888889,-0.022222222,4.5,6.355555556,10.14444444,16.02222222,19.233333329999997,18.33333333,16.0,8.8,4.877777778,3.333333333,9.213888888,4.544624419,4.103589215,5.728437832,3.9944058099999995,4.10643127,5.202109615,3.125299986,3.701013375,5.553152258,3.025723054,3.695868564,4.104266073,4.240410123,149.3555556,96.67777778,54.96666667,34.28888889,12.94444444,16.07777778,19.62222222,10.15555556,21.97777778,19.91111111,35.67777778,120.8111111,49.37222223,146.6486457,107.6139138,53.85338894,45.24934929,14.93980515,36.64838938,43.59451737,12.85030263,25.06261049,21.16013022,58.35445094,129.6150111,57.96587625,18763.511142199997,24801.900000000023,107363.01000000094,81224.16891621999
Bishop Paiute Tribe,0.12706655483804358,0.20137845348683242,3.37794864240668,3.909149878997682e6,0.105,0.144,3.27,1.052e6,0.8729334451619564,0.7986215465131676,0.895,0.856,0.06971932604680434,0.06699913913591686,0.009229709322678276,0.028754040537140268,0.001058519466994499,0.08232097809647239,0.08227562353456645,0.001448617710705673,0.04753067629805779,0.001,5.684668078166152,7.388684075805704,7.983915251585386,10.625499232155203,13.103838861857021,16.615235050968984,19.44744883160917,19.581299732949347,16.518444250590374,12.970747706263312,7.065018474642415,5.35345622123951,11.861521314251231,2.865681277426328,2.2858745907416873,2.405998526744924,1.9389918030019953,2.2071856315335685,3.2460107929720996,3.201812242236895,3.450189855872964,3.24356525719168,3.047560741563332,2.6491703320677558,2.895954938638188,2.786499665873215,202.34994395550666,170.69380164228318,148.81068902806575,104.93921478533323,73.76843248797492,45.587810852114345,12.702243256737097,19.871423036323588,37.102962871416864,131.02095182368933,194.75953694978494,241.9252293756185,115.29435333983943,135.7534686757468,99.62431439588364,87.38540875680037,68.84242303729857,44.36486862732743,32.13606690127837,12.475271858591483,28.201207951370062,36.37111553859804,122.11440096112361,151.2317140094185,153.02047428925636,80.96006125015577,0.588888889,2.977777778,3.6555555560000004,7.755555556,11.68888889,16.44444444,20.8,20.43333333,14.96666667,10.83333333,4.711111111,0.988888889,9.653703703,1.601908584,1.899853796,1.502590356,1.6546231529999997,1.7716125740000002,1.6470512369999997,3.49821383,2.26715681,2.1,1.5499999999999998,2.270707183,2.923800799,2.057293194,99.00000000000001,62.15555556,41.28888889,28.06666667,15.28888889,14.166666670000001,25.611111109999996,12.68888889,14.911111109999998,17.6,26.07777778,75.91111111,36.06388889,93.87935075999998,60.15725457,27.641338809999997,21.1936901,13.476965950000002,22.40870367,38.75972279,17.1975612,14.63381738,16.25169222,33.48334578,81.21780046,36.69177031,18763.511142199997,24801.900000000023,107363.01000000094,81224.16891621999
Te-Moak Tribe of Western Shoshone Indians of Nevada (Elko Band),0.11500192762688828,0.18942539557732394,3.2379791061034653,3.361736540962558e6,0.1,0.16899999999999998,3.35,2.969e6,0.8849980723731117,0.810574604422676,0.9,0.831,0.06981963516357952,0.06757702933648917,0.005305596600331709,0.022773058827013408,0.0037367256417728924,0.101,0.101,0.001,0.024000000000000004,0.001,0.7103538270689723,2.7907131091469446,4.875365806736758,8.170071236110742,11.992344799598397,16.868247015714743,20.804062914430567,19.48423608418508,16.31451514582834,10.850617164978111,3.499627775645456,1.0470853121123873,9.783936682638092,2.999520709114316,3.398313789203496,3.3309298150052906,2.746502492485944,3.235057240210092,3.4484497248660437,3.049425435209566,2.3451731213350944,3.6191817444667773,2.824923567180977,3.260622321328015,3.4028938539820417,3.138416151250864,89.66605698907908,54.89914003380486,65.68762728407661,52.217133015063006,53.44861271530846,26.52452669753974,17.466000834295883,19.244009113227374,24.076299576855472,43.04307373938476,60.0716622799089,80.37822380471775,48.89353050785465,70.87294483328053,49.39420148878949,43.820955783273945,35.704763982730995,32.68451778329442,21.561559596426743,15.954900607381372,19.523415870867044,24.51149578662271,37.27717465519536,46.61338135034459,60.41024842036284,38.1941300133572,-0.911111111,0.822222222,2.333333333,7.211111111000001,10.35555556,15.56666667,19.88888889,18.75555556,13.92222222,9.788888889,1.311111111,-3.244444444,7.983333334,4.221505787,5.073405606,1.823458253,3.200954719,1.9906726949999998,3.3,2.525096258,1.067837899,1.7718477489999997,4.518695731,2.599252029,3.0883292859999996,2.931754668,46.1,30.28888889,31.27777778,33.02222222,44.75555556,20.27777778,16.61111111,16.62222222,10.6,23.18888889,33.08888889,38.3,28.67777778,25.54941291,23.88165847,16.150215,12.91973082,24.805398160000003,13.71803355,21.32477693,22.0790499,10.79073677,24.26846948,17.28752762,29.77532536,20.21252791,45728.26242428001,60444.009999999806,107363.01000000094,81224.16891621999
"Ute Indian Tribe of the Uintah & Ouray Reservation, Utah",0.11617351868031323,0.19668820156669864,3.1434703736062635,550094.4917147988,0.12914510324878747,0.16133383780632604,3.261240118909931,1.9397597473314728e6,0.8838264813196868,0.8033117984333014,0.8708548967512125,0.838666162193674,0.04187786601684703,0.04106932140799376,0.0030910631263951975,0.011742831491007463,0.0035511026294295514,0.05917354911970659,0.058023302918925226,0.002295117006036708,0.029486249940490785,0.010854942943102982,-0.9322290734163939,-0.5679160118618056,3.3930439688647054,7.191903437700757,11.442683271236843,16.392838430845103,22.25703461874498,19.33015354882479,15.964494417635091,9.098428243212174,1.2302220610272019,-1.9931568129049653,8.567291675027196,3.5315929479042394,3.5302654309114954,2.435070786303587,2.89207895735981,3.5654267712513534,3.364968225354365,3.198265887826982,1.9547358050968413,3.507703097160314,2.688306879539714,2.5602794811425436,3.0198101927809184,3.020708705205293,32.67196630787446,26.586301534595517,32.801700721135234,35.236275340377205,67.05429411925273,25.831757546985823,22.60040301473337,29.698174344348903,21.658227541646685,25.510833030678228,25.13737959969892,25.380135413423975,30.847287376902383,18.317162176931426,21.900273286318424,18.48378602601375,21.605040293735915,45.701314644290825,23.59346989648529,20.363164925875935,31.34856352369598,19.076865990551298,21.883232686663018,18.17658043908231,27.611090092745705,24.005045332078293,-4.85625,-2.9215277777500006,0.9979166666250002,5.559027777812502,11.122916665624999,15.90972222125,19.748611110625,19.4284722225,14.277083333437501,8.569444444375,-0.28541666675000005,-4.0361111110625,6.9594907405,5.839467341687499,5.0209662404375,3.1924260244375,2.3114324686874994,3.700746624625,3.992385742000001,2.7370802373750007,4.140669982687499,2.4882719198125005,3.7876950969375,2.7955674796874996,4.6638668152500005,3.7225479979999996,41.6284722213125,39.40902777875,36.13680555625,28.020833333125008,46.048611111875,24.524305554375,26.6777777775,29.122222221875,34.1486111125,33.527777778125,29.063888888999998,26.8000000014375,32.925694445,32.94128657893751,31.258123195625,15.5363898266875,14.9935807971875,31.958833251249995,16.3430289584375,24.977897793125,18.052484034375002,18.385579730625,20.343522340625,24.750726093812496,28.839753959812498,23.19843388125,6541.50000007,8646.559999999992,107363.01000000094,81224.16891621999
"Pyramid Lake Paiute Tribe of the Pyramid Lake Reservation, Nevada",0.12706655483804358,0.20137845348683242,3.37794864240668,3.909149878997682e6,0.1120181721483174,0.1680847302338794,3.4199473242596086,2.930110922290315e7,0.8729334451619564,0.7986215465131676,0.8879818278516826,0.8319152697661206,0.06971932604680434,0.06699913913591686,0.009229709322678276,0.028754040537140268,0.001058519466994499,0.03370420930364877,0.02852215800010752,0.010327151544202719,0.007683054092331389,0.0010230100217784343,5.684668078166152,7.388684075805704,7.983915251585386,10.625499232155203,13.103838861857021,16.615235050968984,19.44744883160917,19.581299732949347,16.518444250590374,12.970747706263312,7.065018474642415,5.35345622123951,11.861521314251231,2.865681277426328,2.2858745907416873,2.405998526744924,1.9389918030019953,2.2071856315335685,3.2460107929720996,3.201812242236895,3.450189855872964,3.24356525719168,3.047560741563332,2.6491703320677558,2.895954938638188,2.786499665873215,202.34994395550666,170.69380164228318,148.81068902806575,104.93921478533323,73.76843248797492,45.587810852114345,12.702243256737097,19.871423036323588,37.102962871416864,131.02095182368933,194.75953694978494,241.9252293756185,115.29435333983943,135.7534686757468,99.62431439588364,87.38540875680037,68.84242303729857,44.36486862732743,32.13606690127837,12.475271858591483,28.201207951370062,36.37111553859804,122.11440096112361,151.2317140094185,153.02047428925636,80.96006125015577,0.4916666667499999,3.45277777775,5.0194444444999995,9.86944444325,13.105555555,18.294444447500002,22.7111111125,22.075000000000006,16.52222222,11.9694444425,3.886111110999999,0.07777777775,10.62291666675,2.232096447,4.233105741,2.05876378875,2.686624663,2.0403954942499998,2.2308115500000003,2.84451424275,1.7797508814999998,1.591870669,3.33557621325,2.14661891175,2.97499362925,2.51292685275,51.369444445,30.71388889,20.04722222,18.4111111075,27.23611111,17.57777778,9.2694444435,15.744444445000001,10.2361111115,20.477777780000004,27.9166666675,45.8194444425,24.568287037500003,51.7214701175,20.011472215,21.838320205,12.638807038000001,18.155403665,19.673733315,8.3685513455,23.888630765000002,11.388925119750002,23.32945573,36.448126895,45.981489535,24.453698829999997,18763.511142199997,24801.900000000023,107363.01000000094,81224.16891621999
Summit Lake Paiute Tribe of Nevada,0.12706655483804358,0.20137845348683242,3.37794864240668,3.909149878997682e6,0.09900000000000002,0.158,3.2299999999999995,912000.0,0.8729334451619564,0.7986215465131676,0.901,0.842,0.06971932604680434,0.06699913913591686,0.009229709322678276,0.028754040537140268,0.001058519466994499,0.08668148322320711,0.08668148322320711,0.010609479396703064,0.020693450775411404,0.0054139155814396794,5.684668078166152,7.388684075805704,7.983915251585386,10.625499232155203,13.103838861857021,16.615235050968984,19.44744883160917,19.581299732949347,16.518444250590374,12.970747706263312,7.065018474642415,5.35345622123951,11.861521314251231,2.865681277426328,2.2858745907416873,2.405998526744924,1.9389918030019953,2.2071856315335685,3.2460107929720996,3.201812242236895,3.450189855872964,3.24356525719168,3.047560741563332,2.6491703320677558,2.895954938638188,2.786499665873215,202.34994395550666,170.69380164228318,148.81068902806575,104.93921478533323,73.76843248797492,45.587810852114345,12.702243256737097,19.871423036323588,37.102962871416864,131.02095182368933,194.75953694978494,241.9252293756185,115.29435333983943,135.7534686757468,99.62431439588364,87.38540875680037,68.84242303729857,44.36486862732743,32.13606690127837,12.475271858591483,28.201207951370062,36.37111553859804,122.11440096112361,151.2317140094185,153.02047428925636,80.96006125015577,-1.4777777774999998,1.1333333335,2.2111111109999997,6.761111111,9.766666669,14.69444444,19.88333333,18.2,13.444444445000002,7.95,1.2444444444999998,-2.6833333335000003,7.593981480999999,3.0132904565000005,4.071815099,1.823654154,2.354284017,1.6062948680000002,2.0053735355,1.6596442345,1.2545352790000002,2.032638445,2.1143476125,2.780091583,3.4241909630000005,2.3450133535,36.888888885,19.444444445000002,24.38888889,23.644444445,38.305555555,16.633333335,14.638888890000002,11.927777777000001,11.13888889,21.955555555,26.96111111,51.105555554999995,24.752777779999995,30.069420599999997,12.749994065,14.066417529999999,13.90457037,19.44253353,16.399804319999998,23.44685428,15.0275270155,11.0343749195,20.75811518,17.387144090000003,47.897256735,20.182001055,18763.511142199997,24801.900000000023,107363.01000000094,81224.16891621999
"Kaibab Band of Paiute Indians of the Kaibab Indian Reservation, Arizona",0.12706655483804358,0.20137845348683242,3.37794864240668,3.909149878997682e6,0.16523390399099266,0.25124652030126465,3.147703014457647,1.7502445555188935e7,0.8729334451619564,0.7986215465131676,0.8347660960090073,0.7487534796987354,0.06971932604680434,0.06699913913591686,0.009229709322678276,0.028754040537140268,0.001058519466994499,0.094748634745588,0.09438883956205457,0.005164941693630471,0.04880871577669733,0.013013931253738344,5.684668078166152,7.388684075805704,7.983915251585386,10.625499232155203,13.103838861857021,16.615235050968984,19.44744883160917,19.581299732949347,16.518444250590374,12.970747706263312,7.065018474642415,5.35345622123951,11.861521314251231,2.865681277426328,2.2858745907416873,2.405998526744924,1.9389918030019953,2.2071856315335685,3.2460107929720996,3.201812242236895,3.450189855872964,3.24356525719168,3.047560741563332,2.6491703320677558,2.895954938638188,2.786499665873215,202.34994395550666,170.69380164228318,148.81068902806575,104.93921478533323,73.76843248797492,45.587810852114345,12.702243256737097,19.871423036323588,37.102962871416864,131.02095182368933,194.75953694978494,241.9252293756185,115.29435333983943,135.7534686757468,99.62431439588364,87.38540875680037,68.84242303729857,44.36486862732743,32.13606690127837,12.475271858591483,28.201207951370062,36.37111553859804,122.11440096112361,151.2317140094185,153.02047428925636,80.96006125015577,2.077777778,3.4444444444999998,5.922222222499999,8.7444444445,13.955555555,18.22222222,22.455555555,22.1,18.894444444999998,11.86111111,4.4944444445,1.6777777779999998,11.154166665000002,3.9780588124999996,3.5047283475,3.063724416,1.9445916964999999,3.2946735465000003,2.3976761399999997,2.406884689,1.3550941425,2.5662778470000003,1.681992982,2.426124073,3.7204755095,2.6950251834999994,77.82222222,68.86666667,45.077777775,37.2,34.733333335000005,19.961111110000004,25.211111109999997,29.222222220000003,20.488888884999998,39.63888889,39.311111115,26.983333334999998,38.70972222,65.17840699,42.078065465,28.871499645,30.52030869,41.167093105,23.66754155,14.34320134,16.787715929999997,15.119705869999999,35.678438465,50.84174513000001,30.39980368,32.887793825,18763.511142199997,24801.900000000023,107363.01000000094,81224.16891621999
Big Pine Paiute Tribe of the Owens Valley,0.12706655483804358,0.20137845348683242,3.37794864240668,3.909149878997682e6,0.105,0.144,3.27,1.052e6,0.8729334451619564,0.7986215465131676,0.895,0.856,0.06971932604680434,0.06699913913591686,0.009229709322678276,0.028754040537140268,0.001058519466994499,0.08661750513103256,0.0853060941517156,0.00880319009656081,0.04104376282758139,0.001,5.684668078166152,7.388684075805704,7.983915251585386,10.625499232155203,13.103838861857021,16.615235050968984,19.44744883160917,19.581299732949347,16.518444250590374,12.970747706263312,7.065018474642415,5.35345622123951,11.861521314251231,2.865681277426328,2.2858745907416873,2.405998526744924,1.9389918030019953,2.2071856315335685,3.2460107929720996,3.201812242236895,3.450189855872964,3.24356525719168,3.047560741563332,2.6491703320677558,2.895954938638188,2.786499665873215,202.34994395550666,170.69380164228318,148.81068902806575,104.93921478533323,73.76843248797492,45.587810852114345,12.702243256737097,19.871423036323588,37.102962871416864,131.02095182368933,194.75953694978494,241.9252293756185,115.29435333983943,135.7534686757468,99.62431439588364,87.38540875680037,68.84242303729857,44.36486862732743,32.13606690127837,12.475271858591483,28.201207951370062,36.37111553859804,122.11440096112361,151.2317140094185,153.02047428925636,80.96006125015577,2.855555556,2.144444444,5.266666667,7.311111111,10.84444444,16.51111111,21.23333333,18.8,16.04444444,11.05555556,6.1,3.255555556,10.11851852,3.116532974,3.622192399,2.868797658,2.552177719,2.657118322,1.887752926,2.724885319,1.717556404,1.592255563,4.503362941,2.946183973,3.121742747,2.775879912,99.57777778,58.72222222,42.46666667,31.28888889,14.26666667,10.36666667,29.57777778,10.866666670000003,16.94444444,16.08888889,20.74444444,79.63333333,35.8787037,93.26466075,62.05910042,29.26734528,26.91600102,13.716413529999999,22.61559197,39.7270304,15.92921844,15.3134019,15.79053866,33.13001325,78.21724554,37.16221343,18763.511142199997,24801.900000000023,107363.01000000094,81224.16891621999
Picayune Rancheria of Chukchansi Indians of California,0.105,0.144,3.2699999999999996,1.0519999999999998e6,0.132,0.204,3.97,1.3794e7,0.895,0.856,0.868,0.796,0.0753642516468278,0.06421208636722407,0.03541160310761335,0.029017394615292597,0.001,0.34382022968037373,0.34382022968037373,0.1109048274778449,0.20346927180590052,0.2020189525144095,3.8222222220000006,6.744444444000001,7.833333333000001,10.818974360615385,13.155555560000002,18.444444440000005,23.27777778,21.266666670000003,20.611111110000003,13.200000000000001,8.555555556,4.4,12.677507123846155,3.8957598030000002,4.282846924,4.18539126,5.467542946400001,5.181484129000001,4.330159094,3.3251984070000002,2.717995585,3.014317686,4.346550356,4.242084131000001,3.739986631,4.0607764130769235,101.36666670000001,72.65555556000001,42.61111111000001,42.58888889000001,19.277777780000005,11.888888890000002,13.044444440000001,6.733333333000001,10.200000000000001,25.74444444,22.700000000000003,88.73333333000002,38.12870371000001,91.54360983,57.38194644000001,29.521367030000004,29.037796250000007,21.261630800000002,22.46049,29.413989490000002,7.891926254,13.795470270000001,38.75855103000001,32.75996032,85.52068463000002,38.27895186,5.766666667,7.277777778,10.07777778,13.58888889,17.25555556,22.7,25.22222222,25.14444444,20.911111109999997,16.55555556,9.255555556,5.066666667,14.90185185,1.933907961,3.231399765,1.710100712,1.852325865,1.235021367,2.593260496,2.828770836,0.817176711,1.2771496040000003,1.207384685,2.439831506,3.999374951,2.093808705,182.9,121.2444444,107.0111111,59.72222222,38.15555556,10.27777778,9.411111111,8.333333333,5.811111110999999,32.07777778,55.63333333,104.6222222,61.26666666,100.42448660000001,90.39235464,92.01144554,24.21682152,28.64363416,10.737641470000002,18.02646974,15.79659773,4.711274892,37.64660601,50.26335643,79.0787705,45.99578827,160.0,211.49,107363.01000000094,81224.16891621999
Lone Pine Paiute-Shoshone Tribe,0.12706655483804358,0.20137845348683242,3.37794864240668,3.909149878997682e6,0.105,0.144,3.27,1.052e6,0.8729334451619564,0.7986215465131676,0.895,0.856,0.06971932604680434,0.06699913913591686,0.009229709322678276,0.028754040537140268,0.001058519466994499,0.0919460413227742,0.0918365258793649,0.02074070502277858,0.055850196320263536,0.001,5.684668078166152,7.388684075805704,7.983915251585386,10.625499232155203,13.103838861857021,16.615235050968984,19.44744883160917,19.581299732949347,16.518444250590374,12.970747706263312,7.065018474642415,5.35345622123951,11.861521314251231,2.865681277426328,2.2858745907416873,2.405998526744924,1.9389918030019953,2.2071856315335685,3.2460107929720996,3.201812242236895,3.450189855872964,3.24356525719168,3.047560741563332,2.6491703320677558,2.895954938638188,2.786499665873215,202.34994395550666,170.69380164228318,148.81068902806575,104.93921478533323,73.76843248797492,45.587810852114345,12.702243256737097,19.871423036323588,37.102962871416864,131.02095182368933,194.75953694978494,241.9252293756185,115.29435333983943,135.7534686757468,99.62431439588364,87.38540875680037,68.84242303729857,44.36486862732743,32.13606690127837,12.475271858591483,28.201207951370062,36.37111553859804,122.11440096112361,151.2317140094185,153.02047428925636,80.96006125015577,2.722222222,1.077777778,3.722222222,5.344444444,8.8,15.7,19.1,16.88888889,14.6,9.455555556,4.966666667,3.1,8.789814815,4.019570182,3.8512263560000006,4.280706068,2.8147429330000002,2.731300057,5.786838515,3.636275567,1.49117776,2.883574171,3.909639085,3.307567082,3.694252292,3.533905839,150.8444444,90.37777778,59.92222222,39.51111111,9.711111111,15.88888889,19.64444444,11.98888889,21.53333333,17.78888889,26.27777778,117.2333333,48.39351851,145.001501,110.8757951,52.36283935,47.00998416,12.44793602,36.72320263,43.74317407,17.24640864,25.45329055,21.53871192,58.515741,130.0971368,58.41797677,18763.511142199997,24801.900000000023,107363.01000000094,81224.16891621999
"Utu Utu Gwaitu Paiute Tribe of the Benton Paiute Reservation, California",0.12706655483804358,0.20137845348683242,3.37794864240668,3.909149878997682e6,0.085,0.12,3.25,665000.0,0.8729334451619564,0.7986215465131676,0.915,0.88,0.06971932604680434,0.06699913913591686,0.009229709322678276,0.028754040537140268,0.001058519466994499,0.08362143945762583,0.07929725525945212,0.03991765778356334,0.02086483683963474,0.0010000000000000002,5.684668078166152,7.388684075805704,7.983915251585386,10.625499232155203,13.103838861857021,16.615235050968984,19.44744883160917,19.581299732949347,16.518444250590374,12.970747706263312,7.065018474642415,5.35345622123951,11.861521314251231,2.865681277426328,2.2858745907416873,2.405998526744924,1.9389918030019953,2.2071856315335685,3.2460107929720996,3.201812242236895,3.450189855872964,3.24356525719168,3.047560741563332,2.6491703320677558,2.895954938638188,2.786499665873215,202.34994395550666,170.69380164228318,148.81068902806575,104.93921478533323,73.76843248797492,45.587810852114345,12.702243256737097,19.871423036323588,37.102962871416864,131.02095182368933,194.75953694978494,241.9252293756185,115.29435333983943,135.7534686757468,99.62431439588364,87.38540875680037,68.84242303729857,44.36486862732743,32.13606690127837,12.475271858591483,28.201207951370062,36.37111553859804,122.11440096112361,151.2317140094185,153.02047428925636,80.96006125015577,-0.022222222,0.788888889,1.911111111,5.266666667,9.044444444,13.97777778,18.2,17.4,12.96666667,8.1,1.9666666669999997,0.322222222,7.493518519,1.696892585,1.919273589,2.275106835,2.304343724,2.584623334,2.448355457,1.456021978,2.098809186,1.61322658,1.958953802,3.3845236,2.19361447,2.161145428,150.6333333,89.98888889,62.46666667,42.66666667,36.08888889,14.35555556,29.22222222,14.85555556,15.711111109999997,31.98888889,37.07777778,100.1666667,52.10185185,113.6596344,74.72727823,50.87536241,24.58256496,29.12170344,16.80655461,37.03112805,23.13925837,13.72447125,34.0901175,40.60682756,97.65812818,46.33525241,18763.511142199997,24801.900000000023,107363.01000000094,81224.16891621999
"Walker River Paiute Tribe of the Walker River Reservation, Nevada",0.12706655483804358,0.20137845348683242,3.37794864240668,3.909149878997682e6,0.16015266622604163,0.2812594420590853,3.360778074052918,1.1125906564324491e6,0.8729334451619564,0.7986215465131676,0.8398473337739584,0.7187405579409147,0.06971932604680434,0.06699913913591686,0.009229709322678276,0.028754040537140268,0.001058519466994499,0.035334175392728706,0.02647209915989125,0.01578090209824353,0.010796425000684628,0.001012427278962062,5.684668078166152,7.388684075805704,7.983915251585386,10.625499232155203,13.103838861857021,16.615235050968984,19.44744883160917,19.581299732949347,16.518444250590374,12.970747706263312,7.065018474642415,5.35345622123951,11.861521314251231,2.865681277426328,2.2858745907416873,2.405998526744924,1.9389918030019953,2.2071856315335685,3.2460107929720996,3.201812242236895,3.450189855872964,3.24356525719168,3.047560741563332,2.6491703320677558,2.895954938638188,2.786499665873215,202.34994395550666,170.69380164228318,148.81068902806575,104.93921478533323,73.76843248797492,45.587810852114345,12.702243256737097,19.871423036323588,37.102962871416864,131.02095182368933,194.75953694978494,241.9252293756185,115.29435333983943,135.7534686757468,99.62431439588364,87.38540875680037,68.84242303729857,44.36486862732743,32.13606690127837,12.475271858591483,28.201207951370062,36.37111553859804,122.11440096112361,151.2317140094185,153.02047428925636,80.96006125015577,1.0066666666,4.3133333334,4.9355555556,9.5911111108,13.262222221999998,18.939999997999998,23.68,22.657777778000003,17.031111111999998,12.835555556,4.5177777778,1.0644444443999999,11.152962964,2.0980350473999994,3.5380944714,3.2469995292,3.4183305582000005,3.1620254338000002,3.5436736808,3.9445170216,3.0653931173999993,3.0853559554,2.5484428146,2.9997523526,3.1296328476,3.1483544026000003,33.56,26.515555553999995,24.10222222,21.431111112,30.551111111999997,10.211111109800001,11.928888889000001,11.977777775799998,10.1244444444,17.135555556,19.479999999999997,28.606666668000003,20.468703704000003,22.889333163000003,17.6110920084,20.908251464,16.970204889999998,18.108966665999997,13.026841678,13.317400613999999,20.410550947999997,12.596261239999999,17.32123398,17.838397355999998,23.811192741199996,17.900810562,18763.511142199997,24801.900000000023,107363.01000000094,81224.16891621999
Table Mountain Rancheria,0.105,0.144,3.2699999999999996,1.0519999999999998e6,0.152,0.22900000000000004,3.07,7.7333e7,0.895,0.856,0.848,0.7709999999999999,0.0753642516468278,0.06421208636722407,0.03541160310761335,0.029017394615292597,0.001,0.17111909986190685,0.17111909986190685,0.057367257125054964,0.09873342441067542,0.09028703310470325,3.8222222220000006,6.744444444000001,7.833333333000001,10.818974360615385,13.155555560000002,18.444444440000005,23.27777778,21.266666670000003,20.611111110000003,13.200000000000001,8.555555556,4.4,12.677507123846155,3.8957598030000002,4.282846924,4.18539126,5.467542946400001,5.181484129000001,4.330159094,3.3251984070000002,2.717995585,3.014317686,4.346550356,4.242084131000001,3.739986631,4.0607764130769235,101.36666670000001,72.65555556000001,42.61111111000001,42.58888889000001,19.277777780000005,11.888888890000002,13.044444440000001,6.733333333000001,10.200000000000001,25.74444444,22.700000000000003,88.73333333000002,38.12870371000001,91.54360983,57.38194644000001,29.521367030000004,29.037796250000007,21.261630800000002,22.46049,29.413989490000002,7.891926254,13.795470270000001,38.75855103000001,32.75996032,85.52068463000002,38.27895186,9.0,10.08888889,12.38888889,15.84444444,19.21111111,23.48888889,26.755555560000005,26.222222219999995,22.47777778,17.68888889,10.93333333,8.533333333,16.88611111,1.443086969,2.804658823,2.130401631,2.876243692,2.609810551,3.797842955,3.9793564530000003,3.021497054,2.724783376,3.42981211,4.192552922,1.790949469,2.900083,58.33333333,50.04444444,49.71111111,25.57777778,17.44444444,3.088888889,6.988888889,6.311111111,6.044444444,12.988888890000002,15.722222220000003,31.67777778,23.66111111,38.12404097,40.63837814,36.39232215,21.95579524,16.93532633,4.878382018,17.05377117,18.05079253,9.241497594,18.97297054,21.72664135,25.63541387,22.46711099,160.0,211.49,107363.01000000094,81224.16891621999
Burns Paiute Tribe,0.12706655483804358,0.20137845348683242,3.37794864240668,3.909149878997682e6,0.151,0.24,3.28,606000.0,0.8729334451619564,0.7986215465131676,0.849,0.76,0.06971932604680434,0.06699913913591686,0.009229709322678276,0.028754040537140268,0.001058519466994499,0.06519192660490764,0.06513721492330583,0.001,0.005269118286321526,0.001,5.684668078166152,7.388684075805704,7.983915251585386,10.625499232155203,13.103838861857021,16.615235050968984,19.44744883160917,19.581299732949347,16.518444250590374,12.970747706263312,7.065018474642415,5.35345622123951,11.861521314251231,2.865681277426328,2.2858745907416873,2.405998526744924,1.9389918030019953,2.2071856315335685,3.2460107929720996,3.201812242236895,3.450189855872964,3.24356525719168,3.047560741563332,2.6491703320677558,2.895954938638188,2.786499665873215,202.34994395550666,170.69380164228318,148.81068902806575,104.93921478533323,73.76843248797492,45.587810852114345,12.702243256737097,19.871423036323588,37.102962871416864,131.02095182368933,194.75953694978494,241.9252293756185,115.29435333983943,135.7534686757468,99.62431439588364,87.38540875680037,68.84242303729857,44.36486862732743,32.13606690127837,12.475271858591483,28.201207951370062,36.37111553859804,122.11440096112361,151.2317140094185,153.02047428925636,80.96006125015577,-1.1388888885,1.7833333335000001,3.8555555555,7.85,10.805555555,15.044444445,20.11111111,18.09444444,13.93888889,8.6111111115,1.738888889,-2.3111111109999998,8.198611111,4.3099393605000005,4.466078888,3.264517020499999,3.075296587,2.6463140624999997,2.9858414235,2.2483830680000003,1.9697561775,1.9985708969999998,3.5971473145000004,3.6749571435,4.588365743,3.2354306405,56.277777779999994,20.422222225000002,46.644444445000005,28.277777774999997,49.06666666499999,28.95,20.905555555,6.966666666499999,22.05,36.666666665,69.43888888999999,78.961111115,38.718981485,95.33472671,16.30546166,60.484306965,13.83350094,27.925440495,20.31851383,22.14004578,8.4468365025,21.370373185,27.509710179999995,109.55516475,87.73851002999999,42.580215915000004,18763.511142199997,24801.900000000023,107363.01000000094,81224.16891621999
Te-Moak Tribe of Western Shoshone Indians of Nevada (Wells Band),0.11500192762688828,0.18942539557732394,3.2379791061034653,3.361736540962558e6,0.1,0.169,3.35,2.969e6,0.8849980723731117,0.810574604422676,0.9,0.831,0.06981963516357952,0.06757702933648917,0.005305596600331709,0.022773058827013408,0.0037367256417728924,0.07593724961763115,0.07593724961763115,0.001,0.020954363358277214,0.006965772518707908,0.7103538270689723,2.7907131091469446,4.875365806736758,8.170071236110742,11.992344799598397,16.868247015714743,20.804062914430567,19.48423608418508,16.31451514582834,10.850617164978111,3.499627775645456,1.0470853121123873,9.783936682638092,2.999520709114316,3.398313789203496,3.3309298150052906,2.746502492485944,3.235057240210092,3.4484497248660437,3.049425435209566,2.3451731213350944,3.6191817444667773,2.824923567180977,3.260622321328015,3.4028938539820417,3.138416151250864,89.66605698907908,54.89914003380486,65.68762728407661,52.217133015063006,53.44861271530846,26.52452669753974,17.466000834295883,19.244009113227374,24.076299576855472,43.04307373938476,60.0716622799089,80.37822380471775,48.89353050785465,70.87294483328053,49.39420148878949,43.820955783273945,35.704763982730995,32.68451778329442,21.561559596426743,15.954900607381372,19.523415870867044,24.51149578662271,37.27717465519536,46.61338135034459,60.41024842036284,38.1941300133572,-1.477777778,1.422222222,1.233333333,6.544444444,9.966666667,15.611111110000001,20.16666667,18.02222222,13.55555556,9.733333333,2.1,-2.411111111,7.872222223,5.876814141,6.162340825,1.359227722,1.728518955,2.242208732,2.663383395,1.860107524,0.9310985149999998,1.614087289,5.521095906,5.389805191,4.399842169,3.31237753,30.4,35.3,28.67777778,34.16666667,47.21111111,24.27777778,10.24444444,32.74444444,18.58888889,23.2,27.12222222,24.84444444,28.06481481,24.39087944,38.54289818,13.38345787,18.44302036,31.23617472,19.29208243,7.867355195999999,66.45071691,14.360313749999998,19.73094017,9.525069262,16.01023978,23.26942901,45728.26242428001,60444.009999999806,107363.01000000094,81224.16891621999
Northwestern Band of the Shoshone Nation,0.11500192762688828,0.18942539557732394,3.2379791061034653,3.361736540962558e6,0.11599999999999999,0.146,3.08,3.186e6,0.8849980723731117,0.810574604422676,0.884,0.854,0.06981963516357952,0.06757702933648917,0.005305596600331709,0.022773058827013408,0.0037367256417728924,0.2426722573137036,0.2388804626364128,0.001,0.18580748425123708,0.08059436102680982,0.7103538270689723,2.7907131091469446,4.875365806736758,8.170071236110742,11.992344799598397,16.868247015714743,20.804062914430567,19.48423608418508,16.31451514582834,10.850617164978111,3.499627775645456,1.0470853121123873,9.783936682638092,2.999520709114316,3.398313789203496,3.3309298150052906,2.746502492485944,3.235057240210092,3.4484497248660437,3.049425435209566,2.3451731213350944,3.6191817444667773,2.824923567180977,3.260622321328015,3.4028938539820417,3.138416151250864,89.66605698907908,54.89914003380486,65.68762728407661,52.217133015063006,53.44861271530846,26.52452669753974,17.466000834295883,19.244009113227374,24.076299576855472,43.04307373938476,60.0716622799089,80.37822380471775,48.89353050785465,70.87294483328053,49.39420148878949,43.820955783273945,35.704763982730995,32.68451778329442,21.561559596426743,15.954900607381372,19.523415870867044,24.51149578662271,37.27717465519536,46.61338135034459,60.41024842036284,38.1941300133572,-0.8666666670000001,1.233333333,3.177777778,8.711111111,12.23333333,17.01111111,23.588888889999996,21.42222222,16.04444444,10.05555556,2.222222222,-2.044444444,9.399074074,4.37407133,4.78826691,2.091517259,2.538426897,1.550806242,1.651093913,2.094304446,3.366295359,2.353779467,2.489031494,3.277490571,3.966771707,2.878487966,44.16666667,33.18888889,39.22222222,64.78888889,57.98888889,45.9,20.22222222,24.82222222,27.7,33.43333333,54.66666667,36.73333333,40.23611111,35.86683705,25.34395611,23.71311756,67.38016111,32.74944444,35.33468551,37.35230173,25.64116699,24.4419721,20.49475543,69.24214757,23.240159210000005,35.0667254,45728.26242428001,60444.009999999806,107363.01000000094,81224.16891621999
"Santa Rosa Indian Community of the Santa Rosa Rancheria, California",0.105,0.144,3.2699999999999996,1.0519999999999998e6,0.144,0.211,3.07,1.1253e7,0.895,0.856,0.856,0.789,0.0753642516468278,0.06421208636722407,0.03541160310761335,0.029017394615292597,0.001,0.05659125331072332,0.05659125331072332,0.007363863468565379,0.016205128083011954,0.001,3.8222222220000006,6.744444444000001,7.833333333000001,10.818974360615385,13.155555560000002,18.444444440000005,23.27777778,21.266666670000003,20.611111110000003,13.200000000000001,8.555555556,4.4,12.677507123846155,3.8957598030000002,4.282846924,4.18539126,5.467542946400001,5.181484129000001,4.330159094,3.3251984070000002,2.717995585,3.014317686,4.346550356,4.242084131000001,3.739986631,4.0607764130769235,101.36666670000001,72.65555556000001,42.61111111000001,42.58888889000001,19.277777780000005,11.888888890000002,13.044444440000001,6.733333333000001,10.200000000000001,25.74444444,22.700000000000003,88.73333333000002,38.12870371000001,91.54360983,57.38194644000001,29.521367030000004,29.037796250000007,21.261630800000002,22.46049,29.413989490000002,7.891926254,13.795470270000001,38.75855103000001,32.75996032,85.52068463000002,38.27895186,7.3,7.411111111,10.88888889,14.333333329999999,17.88888889,21.74444444,24.76666667,24.2,20.66666667,16.51111111,9.322222222,6.622222222000001,15.13796296,2.880104165,8.599483189,3.761131626,3.9363688849999994,3.002267661,3.2806672760000004,3.2101401839999997,2.556364606,3.4503623,3.958043849,5.690074204,3.6217322440000004,3.995561682,55.01111111,41.66666667,37.93333333,20.13333333,15.811111109999999,3.333333333,7.588888889,8.6,2.688888889,11.0,14.78888889,29.94444444,20.70833333,33.70621028,24.131255669999998,33.43845092,13.057373399999998,13.909389309999998,5.421485036,18.99331754,24.18553287,4.547923824,11.82729893,16.78536896,25.129917979999995,18.76112706,160.0,211.49,107363.01000000094,81224.16891621999
"Fort McDermitt Paiute and Shoshone Tribes of the Fort McDermitt Indian Reservation, Nevada and Oregon",0.12706655483804358,0.20137845348683242,3.37794864240668,3.909149878997682e6,0.1219792792936167,0.18306830468394544,2.932313881878147,1.4593246522661431e6,0.8729334451619564,0.7986215465131676,0.8780207207063833,0.8169316953160546,0.06971932604680434,0.06699913913591686,0.009229709322678276,0.028754040537140268,0.001058519466994499,0.07748912025172243,0.07496504539727834,0.007473004265262795,0.020395902718537612,0.004645870793633382,5.684668078166152,7.388684075805704,7.983915251585386,10.625499232155203,13.103838861857021,16.615235050968984,19.44744883160917,19.581299732949347,16.518444250590374,12.970747706263312,7.065018474642415,5.35345622123951,11.861521314251231,2.865681277426328,2.2858745907416873,2.405998526744924,1.9389918030019953,2.2071856315335685,3.2460107929720996,3.201812242236895,3.450189855872964,3.24356525719168,3.047560741563332,2.6491703320677558,2.895954938638188,2.786499665873215,202.34994395550666,170.69380164228318,148.81068902806575,104.93921478533323,73.76843248797492,45.587810852114345,12.702243256737097,19.871423036323588,37.102962871416864,131.02095182368933,194.75953694978494,241.9252293756185,115.29435333983943,135.7534686757468,99.62431439588364,87.38540875680037,68.84242303729857,44.36486862732743,32.13606690127837,12.475271858591483,28.201207951370062,36.37111553859804,122.11440096112361,151.2317140094185,153.02047428925636,80.96006125015577,-1.4844444446,1.6155555555999999,3.3844444441999997,7.9866666668000015,11.104444444,16.153333334,21.346666667999997,19.486666665999998,14.377777778,8.626666666599998,1.4777777779999999,-2.297777778,8.481481481600001,2.970978584,4.583973895200001,1.6079369238,2.1952990348,1.7068022530000002,2.2178630561999997,1.6572415428,1.122653925,1.79658836,1.9174611268000001,2.56624475,3.0643573648000006,2.2839500679999998,32.675555554000006,22.94666667,25.955555556000004,21.32,38.457777778,17.157777778000003,12.682222222399998,10.726666665600002,11.72888889,23.57111111,28.128888888000002,44.18444444400001,24.127962961999998,27.751194870000003,18.969477538000003,17.993738418000003,13.213021573799999,16.845375978,12.789272246,19.232642658,14.9347157608,10.6822257752,20.787321878000004,22.997529472,35.232518052,19.285752852,18763.511142199997,24801.900000000023,107363.01000000094,81224.16891621999
Bridgeport Indian Colony,0.12706655483804358,0.20137845348683242,3.37794864240668,3.909149878997682e6,0.085,0.12000000000000001,3.25,665000.0,0.8729334451619564,0.7986215465131676,0.915,0.88,0.06971932604680434,0.06699913913591686,0.009229709322678276,0.028754040537140268,0.001058519466994499,0.0130622601030926,0.0130622601030926,0.001,0.003,0.001,5.684668078166152,7.388684075805704,7.983915251585386,10.625499232155203,13.103838861857021,16.615235050968984,19.44744883160917,19.581299732949347,16.518444250590374,12.970747706263312,7.065018474642415,5.35345622123951,11.861521314251231,2.865681277426328,2.2858745907416873,2.405998526744924,1.9389918030019953,2.2071856315335685,3.2460107929720996,3.201812242236895,3.450189855872964,3.24356525719168,3.047560741563332,2.6491703320677558,2.895954938638188,2.786499665873215,202.34994395550666,170.69380164228318,148.81068902806575,104.93921478533323,73.76843248797492,45.587810852114345,12.702243256737097,19.871423036323588,37.102962871416864,131.02095182368933,194.75953694978494,241.9252293756185,115.29435333983943,135.7534686757468,99.62431439588364,87.38540875680037,68.84242303729857,44.36486862732743,32.13606690127837,12.475271858591483,28.201207951370062,36.37111553859804,122.11440096112361,151.2317140094185,153.02047428925636,80.96006125015577,0.166666667,1.044444444,2.466666667,5.688888889,9.355555556,15.03333333,19.65555556,18.26666667,13.93333333,9.0,2.488888889,0.044444444,8.095370371,3.035621847,2.980398929,4.299127819,3.122676914,3.570403027,4.891574389,3.6421529040000005,3.45,4.016528352,2.278705773,1.9877402020000001,3.148853407,3.36864863,165.0444444,112.74444439999999,93.67777778,44.67777778,45.77777778,13.43333333,28.73333333,13.73333333,17.17777778,35.0,52.8,98.77777778,60.13148147,99.7513297,60.9154765,53.92700571,30.54168372,30.68488137,18.00909492,29.51325973,15.0109127,21.56877244,36.74870746,36.6005806,78.79441252,42.67217645,18763.511142199997,24801.900000000023,107363.01000000094,81224.16891621999
Te-Moak Tribe of Western Shoshone Indians of Nevada (South Fork Band),0.11500192762688828,0.18942539557732394,3.2379791061034653,3.361736540962558e6,0.1,0.169,3.35,2.969e6,0.8849980723731117,0.810574604422676,0.9,0.831,0.06981963516357952,0.06757702933648917,0.005305596600331709,0.022773058827013408,0.0037367256417728924,0.13243735579197538,0.13188436024351574,0.0011059744624978525,0.047199715001221595,0.019613209515739614,0.7103538270689723,2.7907131091469446,4.875365806736758,8.170071236110742,11.992344799598397,16.868247015714743,20.804062914430567,19.48423608418508,16.31451514582834,10.850617164978111,3.499627775645456,1.0470853121123873,9.783936682638092,2.999520709114316,3.398313789203496,3.3309298150052906,2.746502492485944,3.235057240210092,3.4484497248660437,3.049425435209566,2.3451731213350944,3.6191817444667773,2.824923567180977,3.260622321328015,3.4028938539820417,3.138416151250864,89.66605698907908,54.89914003380486,65.68762728407661,52.217133015063006,53.44861271530846,26.52452669753974,17.466000834295883,19.244009113227374,24.076299576855472,43.04307373938476,60.0716622799089,80.37822380471775,48.89353050785465,70.87294483328053,49.39420148878949,43.820955783273945,35.704763982730995,32.68451778329442,21.561559596426743,15.954900607381372,19.523415870867044,24.51149578662271,37.27717465519536,46.61338135034459,60.41024842036284,38.1941300133572,-1.9,1.822222222,2.8,7.844444444,10.7,15.822222220000002,21.15555556,19.68888889,14.45555556,8.811111111,0.7,-2.766666667,8.261111112,2.253885534,5.150674174,2.151162476,3.39452173,2.74271763,2.279132389,2.56861398,2.345977645,1.926208135,4.361606483,2.46221445,3.451086785,2.923983451,46.56666667,29.85555556,35.63333333,30.24444444,47.62222222,21.73333333,12.77777778,15.011111110000002,11.9,23.64444444,34.06666667,43.01111111,29.33888889,25.27602619,24.18434985,17.3223122,14.51353774,29.59661204,14.13665448,10.73799071,24.21804309,10.10816502,24.80761532,17.828839,27.92250188,20.05438729,45728.26242428001,60444.009999999806,107363.01000000094,81224.16891621999
"Paiute-Shoshone Tribe of the Fallon Reservation and Colony, Nevada",0.12706655483804358,0.20137845348683242,3.37794864240668,3.909149878997682e6,0.126,0.181,3.4,1.736e6,0.8729334451619564,0.7986215465131676,0.874,0.819,0.06971932604680434,0.06699913913591686,0.009229709322678276,0.028754040537140268,0.001058519466994499,0.0341735986017964,0.029825658187605547,0.0009999999999999998,0.018394364525715624,0.0009999999999999998,5.684668078166152,7.388684075805704,7.983915251585386,10.625499232155203,13.103838861857021,16.615235050968984,19.44744883160917,19.581299732949347,16.518444250590374,12.970747706263312,7.065018474642415,5.35345622123951,11.861521314251231,2.865681277426328,2.2858745907416873,2.405998526744924,1.9389918030019953,2.2071856315335685,3.2460107929720996,3.201812242236895,3.450189855872964,3.24356525719168,3.047560741563332,2.6491703320677558,2.895954938638188,2.786499665873215,202.34994395550666,170.69380164228318,148.81068902806575,104.93921478533323,73.76843248797492,45.587810852114345,12.702243256737097,19.871423036323588,37.102962871416864,131.02095182368933,194.75953694978494,241.9252293756185,115.29435333983943,135.7534686757468,99.62431439588364,87.38540875680037,68.84242303729857,44.36486862732743,32.13606690127837,12.475271858591483,28.201207951370062,36.37111553859804,122.11440096112361,151.2317140094185,153.02047428925636,80.96006125015577,2.5425298360376223,4.329558363867892,7.88071031990494,11.369867256585298,15.347721615933374,20.834635268744975,26.14563150224871,24.60400472216255,19.981131535246988,12.802106069304996,5.491339587831705,2.8517646307458357,12.84841672607984,2.8609480766657094,2.343262846905227,3.2105515562978177,1.8721701153012638,2.1934517078506603,2.122858057722286,1.5839349819494544,1.5236708710112006,2.2884590053294085,2.360364362020678,3.9723907829035046,3.1892260537762787,2.4601073681453194,17.801183865129236,17.496509031677196,14.966424148645892,20.854805667225737,25.55081690071798,8.316609228246698,12.48251004935382,9.448519369554855,6.569730040042218,11.446445207504308,12.724181508219415,17.24853532784032,14.575522531861,11.475660580255601,10.14096069607984,19.234158519035034,17.554546398380243,16.841534220893166,12.475342052946583,19.468453853446295,17.471598345901782,7.547168664542792,13.364846498391731,12.447381511137278,16.139133074562032,14.513398699767375,18763.511142199997,24801.900000000023,107363.01000000094,81224.16891621999
"Moapa Band of Paiute Indians of the Moapa River Indian Reservation, Nevada",0.12706655483804358,0.20137845348683242,3.37794864240668,3.909149878997682e6,0.128,0.193,3.31,1.53292e8,0.8729334451619564,0.7986215465131676,0.872,0.8069999999999999,0.06971932604680434,0.06699913913591686,0.009229709322678276,0.028754040537140268,0.001058519466994499,0.04384992114807813,0.02785907901946148,0.027968929147709924,0.012151047392407362,0.0013076223985035325,5.684668078166152,7.388684075805704,7.983915251585386,10.625499232155203,13.103838861857021,16.615235050968984,19.44744883160917,19.581299732949347,16.518444250590374,12.970747706263312,7.065018474642415,5.35345622123951,11.861521314251231,2.865681277426328,2.2858745907416873,2.405998526744924,1.9389918030019953,2.2071856315335685,3.2460107929720996,3.201812242236895,3.450189855872964,3.24356525719168,3.047560741563332,2.6491703320677558,2.895954938638188,2.786499665873215,202.34994395550666,170.69380164228318,148.81068902806575,104.93921478533323,73.76843248797492,45.587810852114345,12.702243256737097,19.871423036323588,37.102962871416864,131.02095182368933,194.75953694978494,241.9252293756185,115.29435333983943,135.7534686757468,99.62431439588364,87.38540875680037,68.84242303729857,44.36486862732743,32.13606690127837,12.475271858591483,28.201207951370062,36.37111553859804,122.11440096112361,151.2317140094185,153.02047428925636,80.96006125015577,4.833333333500001,8.5777777775,9.7111111105,14.07777778,19.749999999999996,25.994444444999996,27.66111111,27.005555555,22.733333329999997,17.677777775000003,10.65,6.5,16.264351855,4.7765262185,3.0679914040000003,4.3779993919999995,5.564739464500001,4.333569431,4.1681959795,6.614044380999999,5.763870188,5.475535214000001,3.8200734499999998,4.347764513,4.759230838500001,4.755795039500001,39.066666670000004,39.83888889,15.577777775,10.7111111135,12.794444445,7.300000000000001,26.383333334999996,14.777777780000001,9.855555555499999,16.52222222,15.533333333499998,9.394444444000001,18.146296295,25.49746454,40.96130471,12.21044985,13.003269415,24.763606995,12.962201932,39.0131248,12.48503673,10.2502519765,14.228328145,31.502566769999998,12.95346549,20.819255945000002,18763.511142199997,24801.900000000023,107363.01000000094,81224.16891621999
"Tule River Indian Tribe of the Tule River Reservation, California",0.105,0.144,3.2699999999999996,1.0519999999999998e6,0.159,0.239,3.1000000000000005,3.8373e7,0.895,0.856,0.841,0.761,0.0753642516468278,0.06421208636722407,0.03541160310761335,0.029017394615292597,0.001,0.20277578997696694,0.20277578997696694,0.038104564251400644,0.040199490131231905,0.06665609297435791,3.8222222220000006,6.744444444000001,7.833333333000001,10.818974360615385,13.155555560000002,18.444444440000005,23.27777778,21.266666670000003,20.611111110000003,13.200000000000001,8.555555556,4.4,12.677507123846155,3.8957598030000002,4.282846924,4.18539126,5.467542946400001,5.181484129000001,4.330159094,3.3251984070000002,2.717995585,3.014317686,4.346550356,4.242084131000001,3.739986631,4.0607764130769235,101.36666670000001,72.65555556000001,42.61111111000001,42.58888889000001,19.277777780000005,11.888888890000002,13.044444440000001,6.733333333000001,10.200000000000001,25.74444444,22.700000000000003,88.73333333000002,38.12870371000001,91.54360983,57.38194644000001,29.521367030000004,29.037796250000007,21.261630800000002,22.46049,29.413989490000002,7.891926254,13.795470270000001,38.75855103000001,32.75996032,85.52068463000002,38.27895186,6.683333332999999,6.2333333335,9.394444443000001,11.799999999999999,15.11111111,20.083333335,23.394444445,22.483333330000004,19.35,14.033333335,7.827777777999999,6.338888889,13.561111110000002,2.9480220075,2.933840869,2.4987617639999997,1.80298728,1.3385208955,1.9098264444999997,1.7257281039999997,1.3665049885,1.10766658,2.577456837,4.2946172465,3.30453975,2.3173727305,111.95000001999999,72.516666665,60.205555555,35.60555556,19.238888885,8.805555556000002,6.1,5.422222222499999,6.411111111500001,14.4,25.522222225,59.505555554999994,35.47361111,72.27791619,50.04293539499999,52.02112069499999,24.408174285,17.73524733,13.001056629,11.140103909999999,9.2517943855,8.6974503345,14.843905955,40.757860429999994,56.6284895,30.900504585,160.0,211.49,107363.01000000094,81224.16891621999
Te-Moak Tribe of Western Shoshone Indians of Nevada (Battle Mountain Band),0.11500192762688828,0.18942539557732394,3.2379791061034653,3.361736540962558e6,0.098,0.188,3.41,323000.0,0.8849980723731117,0.810574604422676,0.902,0.812,0.06981963516357952,0.06757702933648917,0.005305596600331709,0.022773058827013408,0.0037367256417728924,0.011608455990506743,0.0029131580877763156,0.001,0.011608455990506743,0.003013589963581764,0.7103538270689723,2.7907131091469446,4.875365806736758,8.170071236110742,11.992344799598397,16.868247015714743,20.804062914430567,19.48423608418508,16.31451514582834,10.850617164978111,3.499627775645456,1.0470853121123873,9.783936682638092,2.999520709114316,3.398313789203496,3.3309298150052906,2.746502492485944,3.235057240210092,3.4484497248660437,3.049425435209566,2.3451731213350944,3.6191817444667773,2.824923567180977,3.260622321328015,3.4028938539820417,3.138416151250864,89.66605698907908,54.89914003380486,65.68762728407661,52.217133015063006,53.44861271530846,26.52452669753974,17.466000834295883,19.244009113227374,24.076299576855472,43.04307373938476,60.0716622799089,80.37822380471775,48.89353050785465,70.87294483328053,49.39420148878949,43.820955783273945,35.704763982730995,32.68451778329442,21.561559596426743,15.954900607381372,19.523415870867044,24.51149578662271,37.27717465519536,46.61338135034459,60.41024842036284,38.1941300133572,-0.9888888889999999,2.433333333,3.966666667,9.033333333,12.16666667,17.72222222,21.91111111,21.14444444,15.522222219999998,11.14444444,2.444444444,-1.455555556,9.587037036,2.580912845,4.294182111,1.299038106,2.970269348,2.153485547,3.286250819,1.645785864,1.663663962,1.65058912,3.572852891,2.22323588,2.946655354,2.523910154,35.05555556,22.53333333,29.866666670000004,23.12222222,50.57777778,20.35555556,13.16666667,18.46666667,10.35555556,19.32222222,25.47777778,37.15555556,25.45462963,19.90302183,14.8118196,16.47482929,18.2109018,22.81840144,14.471187850000002,19.89830395,32.36155126,8.578186159,17.57140986,14.3530291,23.21223336,18.55540629,45728.26242428001,60444.009999999806,107363.01000000094,81224.16891621999
"Yerington Paiute Tribe of the Yerington Colony & Campbell Ranch, Nevada",0.12706655483804358,0.20137845348683242,3.37794864240668,3.909149878997682e6,0.13099999999999998,0.211,3.3799999999999994,3.9909999999999995e6,0.8729334451619564,0.7986215465131676,0.869,0.789,0.06971932604680434,0.06699913913591686,0.009229709322678276,0.028754040537140268,0.001058519466994499,0.05880355923227595,0.05716093777567248,0.001,0.02450130893533595,0.001,5.684668078166152,7.388684075805704,7.983915251585386,10.625499232155203,13.103838861857021,16.615235050968984,19.44744883160917,19.581299732949347,16.518444250590374,12.970747706263312,7.065018474642415,5.35345622123951,11.861521314251231,2.865681277426328,2.2858745907416873,2.405998526744924,1.9389918030019953,2.2071856315335685,3.2460107929720996,3.201812242236895,3.450189855872964,3.24356525719168,3.047560741563332,2.6491703320677558,2.895954938638188,2.786499665873215,202.34994395550666,170.69380164228318,148.81068902806575,104.93921478533323,73.76843248797492,45.587810852114345,12.702243256737097,19.871423036323588,37.102962871416864,131.02095182368933,194.75953694978494,241.9252293756185,115.29435333983943,135.7534686757468,99.62431439588364,87.38540875680037,68.84242303729857,44.36486862732743,32.13606690127837,12.475271858591483,28.201207951370062,36.37111553859804,122.11440096112361,151.2317140094185,153.02047428925636,80.96006125015577,1.623921938492918,3.7627006611133145,5.852880075651559,9.65476864978187,13.438369533201135,19.741170917082155,24.62212779575071,22.79077745974504,18.058451369178474,11.622411075240793,4.920018885303116,1.0073654388725213,11.424580313569406,1.9592093351274789,2.8445463183739377,2.0718361059546746,1.4007123220849858,1.6805108336912185,2.8782539554872524,1.8241625325637394,1.5557966166288952,1.6597233010906516,1.296776395184136,2.1679482446798866,3.0304312126458925,2.030825598283286,38.69974818631728,36.28325464492918,22.683034305750706,17.800849860566572,24.364117093767703,8.942146679379604,16.676613160311618,12.276487251031163,9.05435945811898,12.753729932776203,14.57976078283286,31.82149826390935,20.49463330144476,20.918709188413597,24.921415781444757,23.685975840424927,13.501128237337111,14.286328093937678,12.38019760674221,17.60866785535411,15.429139588158641,15.318381699830029,14.4573333788102,8.24453968931728,23.392638754532573,17.012037979433426,18763.511142199997,24801.900000000023,107363.01000000094,81224.16891621999
Tuolumne Band of Me-Wuk Indians of the Tuolumne Rancheria of California,0.105,0.144,3.2699999999999996,1.0519999999999998e6,0.128,0.187,4.06,4.759e6,0.895,0.856,0.872,0.813,0.0753642516468278,0.06421208636722407,0.03541160310761335,0.029017394615292597,0.001,0.5377345077081908,0.5377345077081908,0.30949566319423844,0.23041394216671118,0.33987450503981087,3.8222222220000006,6.744444444000001,7.833333333000001,10.818974360615385,13.155555560000002,18.444444440000005,23.27777778,21.266666670000003,20.611111110000003,13.200000000000001,8.555555556,4.4,12.677507123846155,3.8957598030000002,4.282846924,4.18539126,5.467542946400001,5.181484129000001,4.330159094,3.3251984070000002,2.717995585,3.014317686,4.346550356,4.242084131000001,3.739986631,4.0607764130769235,101.36666670000001,72.65555556000001,42.61111111000001,42.58888889000001,19.277777780000005,11.888888890000002,13.044444440000001,6.733333333000001,10.200000000000001,25.74444444,22.700000000000003,88.73333333000002,38.12870371000001,91.54360983,57.38194644000001,29.521367030000004,29.037796250000007,21.261630800000002,22.46049,29.413989490000002,7.891926254,13.795470270000001,38.75855103000001,32.75996032,85.52068463000002,38.27895186,5.477777778,6.977777778,9.733333333,12.75555556,16.37777778,20.42222222,24.55555556,24.11111111,20.56666667,15.322222220000002,8.522222222,4.933333333,14.146296300000001,1.927289403,3.4679885299999995,1.656049516,1.887532193,1.482209312,3.206157271,2.452096609,1.15048299,1.226784415,2.086131454,3.1708743969999995,4.007804885,2.310116748,172.8111111,106.6,95.12222222,63.91111111,38.65555556,6.677777778,13.08888889,8.655555556,6.955555555999999,32.06666667,49.16666667,103.75555559999998,58.12222223,122.77680400000001,90.23666106,90.2227906,38.81244789,24.854381460000003,5.649287074,23.83948639,15.655519080000001,8.300468528,41.77286799,57.22575906,89.42564105,50.73100951999999,160.0,211.49,107363.01000000094,81224.16891621999
"Washoe Tribe of Nevada & California (Carson Colony, Dresslerville Colony, Woodfords Community, Stewart Community, & Washoe Ranches)",0.1167160217699433,0.18809086675494552,3.5782220691632567,1.1113347514365444e7,0.11999974112878743,0.19570689067848185,3.6718415504998516,3.2218564055717173e6,0.8832839782300567,0.8119091332450545,0.8800002588712126,0.8042931093215182,0.0452958340307352,0.04245909437623682,0.007322472210876736,0.01039967826537299,0.0015176674010099946,0.09032807662092156,0.0868986806157957,0.015992444088003075,0.024384093206110014,0.003868201385853939,5.564844387572826,7.330347066993773,7.790624223664974,10.567053479995998,13.016730543554782,16.806731963534045,18.80104687868735,18.922213350755364,16.11183327893646,12.876851556159375,6.726040668558132,5.4742521025962985,11.665714125167696,3.426561912815074,2.49588028559981,1.7299261793299283,1.5205983313696896,1.9188952454570443,3.343941389204091,3.620101904433567,2.8681239404398005,2.820231789916324,3.03641763666385,2.536815275481956,2.629960890956726,2.6622878985153338,244.08338301106724,180.23767700046332,154.6777227637975,123.92206962381827,82.05119592614987,61.41475921656019,16.63971929423652,26.779963802103026,63.19274814722302,142.26643777566608,256.4719613791282,280.6261524560367,136.03031587009585,151.2732538655494,93.65585443036099,79.9924722459582,72.7511146088471,45.538663449707805,41.245051277103194,13.983196673739391,33.954003573890176,62.80889931072989,114.90494226897503,205.357906325219,157.70407523415543,89.4307861056452,-0.500559642851726,1.9979626488075835,2.175501478092247,6.357938753756084,9.797038295990378,15.091303530090551,20.52354901589134,19.145783810684776,13.718675723537071,9.552424070643465,2.369905048974533,-0.46279947156762874,8.313893605250708,1.744129695695529,3.0076668584816075,2.5337027186932657,2.8406855543842675,2.6478524124533105,3.323404840136955,2.863780108186757,2.0707775678053197,1.9636758441148838,1.861088796451613,2.2473651315574426,2.5972838662093944,2.475117782827957,135.37116891929827,85.95847323775892,52.55366283075835,41.488190908556874,26.859781173718165,13.939872981284664,15.286480539377477,12.271049485942278,10.562711436622525,29.248965600181094,35.92903226058856,103.34477142124504,46.90118006348614,103.89780925488398,60.83800303636106,43.319966905149975,27.406758587487264,20.26426330830787,16.94331397126769,15.49893210409734,13.379561519895303,12.439786734221844,37.182799541607245,23.495032924934918,100.85318377594794,39.62661763820034,10030.895349669998,13259.049999999987,107363.01000000094,81224.16891621999
