NAME,TRIBE_NAME,NAMELSAD,AIANNHNS,EPA_ID,GEOID,BIA_CODE,CLASSFP,INTPTLAT,INTPTLON,ALAND_MI,ALAND_KM,AWATER_MI,AWATER_KM,TOTALAREA_MI,TOTALAREA_KM,CURRENT_TO,SOURCE,Shape__Length,Shape__Area,STATE,REGION,LEAD_REGION,CURRENT_USE,COMMENT,NAME_HISTORY
Otoe-Missouria,"Otoe-Missouria Tribe of Indians, Oklahoma",Otoe-Missouria OTSA,01925068,100000187,5760R,811,D6,+36.4223594,-97.0868106,192.396104212354004,498.303826999999956,9.811106647320001,25.410660000000000,202.207210859674007,523.714486999999963,2/22/2024 0:00:00.000,Census Bureau,0.986600044018911,0.052621965590001,OK,6,6,Y,,"1982: Otoe-Missouria Tribe of Oklahoma; 
1996: Otoe-Missouria Tribe of Indians, Oklahoma"
Choctaw,The Choctaw Nation of Oklahoma,Choctaw OTSA,02418833,100000045,5590R,907,D6,+34.5090320,-95.4434638,10631.172652401650339,27534.622074999999313,283.269514177449992,733.664974999999913,10914.442166579099649,28268.287049999998999,2/22/2024 0:00:00.000,Census Bureau,9.788615058329858,2.776090499891498,OK,6,6,Y,,2013: The Choctaw Nation of Oklahoma
Ottawa,Ottawa Tribe of Oklahoma,Ottawa OTSA,02419159,100000186,5770R,922,D6,+36.8489534,-94.7962849,23.404722927858000,60.617978999999998,0.576871909384000,1.494092000000000,23.981594837242000,62.112071000000000,2/22/2024 0:00:00.000,Census Bureau,0.473364010437383,0.006275946300499,OK,6,6,Y,,
Tonkawa,Tonkawa Tribe of Indians of Oklahoma,Tonkawa OTSA,01925069,100000304,5860R,814,D6,+36.6786409,-97.3522193,142.489426105241989,369.046070999999984,1.063539194610000,2.754555000000000,143.552965299851991,371.800625999999966,2/22/2024 0:00:00.000,Census Bureau,0.778993639514280,0.037484018774501,OK,6,6,Y,,1982: Tonkawa Tribe of Indians of Oklahoma
Miami/Peoria,Miami Tribe of Oklahoma,Miami/Peoria joint-use OTSA,02418712,100000158,5970R,925,D0,+36.9014538,-94.9203738,12.451139304231999,32.248315999999996,0.169818856558000,0.439829000000000,12.620958160790000,32.688144999999999,2/22/2024 0:00:00.000,Census Bureau,0.282856286794318,0.003304998065999,OK,6,6,Y,,
Miami/Peoria,Peoria Tribe of Indians of Oklahoma,Miami/Peoria joint-use OTSA,02418712,100000200,5970R,926,D0,+36.9014538,-94.9203738,12.451139304231999,32.248315999999996,0.169818856558000,0.439829000000000,12.620958160790000,32.688144999999999,2/22/2024 0:00:00.000,Census Bureau,0.282856286794318,0.003304998065999,OK,6,6,Y,,1997: Peoria Tribe of Indians of Oklahoma
Kaw,"Kaw Nation, Oklahoma",Kaw OTSA,01925070,100000122,5690R,810,D6,+36.8902973,-97.0224714,476.225928067796019,1233.419997999999850,20.583174068196001,53.310198000000000,496.809102135992021,1286.730195999999751,2/22/2024 0:00:00.000,Census Bureau,1.794081326788664,0.130065032883000,OK,6,6,Y,,"1982: Kaw Indian Tribe of Oklahoma; 
1996: Kaw Nation, Oklahoma"
Seminole,The Seminole Nation of Oklahoma,Seminole OTSA,01925073,100000265,5830R,909,D6,+35.1631053,-96.6259468,567.611036696879978,1470.106440000000021,7.388445555388000,19.135994000000000,574.999482252267967,1489.242434000000003,2/22/2024 0:00:00.000,Census Bureau,2.076715827940869,0.147321553651002,OK,6,6,Y,,2012: The Seminole Nation of Oklahoma
Cherokee,Cherokee Nation,Cherokee OTSA,02418810,100000038,5550R,905,D6,+36.2236395,-95.1847784,6694.042914573155940,17337.498677999999927,269.182946801635978,697.180918000000020,6963.225861374791748,18034.679596000001766,2/22/2024 0:00:00.000,Census Bureau,8.012072763304950,1.807742491225498,OK,6,6,Y,,"2000: Cherokee Nation, Oklahoma; 
2012: Cherokee Nation"
Creek/Seminole,The Muscogee (Creek) Nation,Creek/Seminole joint-use OTSA,01925072,100000169,5915R,908,D0,+35.2828318,-96.4646003,65.207781061594005,168.887446999999980,0.318423338726000,0.824713000000000,65.526204400320012,169.712159999999983,2/22/2024 0:00:00.000,Census Bureau,0.808909032063974,0.016815601672499,KS; OK,7; 6,NA,Y,4/23/2024: Lead EPA Region determined on case-by-case basis,"1995: Muskogee (Creek) Nation of Oklahoma; 
1996: Muscogee (Creek) Nation of Oklahoma; 
1997: Muscogee (Creek) Nation, Oklahoma; 
2012: The Muscogee (Creek) Nation"
Creek/Seminole,The Seminole Nation of Oklahoma,Creek/Seminole joint-use OTSA,01925072,100000265,5915R,909,D0,+35.2828318,-96.4646003,65.207781061594005,168.887446999999980,0.318423338726000,0.824713000000000,65.526204400320012,169.712159999999983,2/22/2024 0:00:00.000,Census Bureau,0.808909032063974,0.016815601672499,OK,6,6,Y,,2012: The Seminole Nation of Oklahoma
Kaw/Ponca,"Kaw Nation, Oklahoma",Kaw/Ponca joint-use OTSA,02418647,100000122,5950R,810,D0,+36.7458033,-97.1350714,108.738811669190000,281.632344999999987,1.698715980912000,4.399656000000000,110.437527650101998,286.032000999999980,2/22/2024 0:00:00.000,Census Bureau,0.949305107422650,0.028860513175500,OK,6,6,Y,,"1982: Kaw Indian Tribe of Oklahoma; 
1996: Kaw Nation, Oklahoma"
Kaw/Ponca,Ponca Tribe of Indians of Oklahoma,Kaw/Ponca joint-use OTSA,02418647,100000206,5950R,813,D0,+36.7458033,-97.1350714,108.738811669190000,281.632344999999987,1.698715980912000,4.399656000000000,110.437527650101998,286.032000999999980,2/22/2024 0:00:00.000,Census Bureau,0.949305107422650,0.028860513175500,OK,6,6,Y,,1982: Ponca Tribe of Indians of Oklahoma
Kiowa-Comanche-Apache-Fort Sill Apache,Kiowa Indian Tribe of Oklahoma,Kiowa-Comanche-Apache-Fort Sill Apache OTSA,02418654,100000129,5720R,802,D6,+34.6570770,-98.8965330,6352.905153488140058,16453.955569999998261,76.118384968886005,197.145792999999998,6429.023538457026007,16651.101362999997946,2/22/2024 0:00:00.000,Census Bureau,6.993239994628756,1.637356496783495,OK,6,6,Y,,1982: Kiowa Indian Tribe of Oklahoma
Kiowa-Comanche-Apache-Fort Sill Apache,"Comanche Nation, Oklahoma",Kiowa-Comanche-Apache-Fort Sill Apache OTSA,02418654,100000052,5720R,808,D6,+34.6570770,-98.8965330,6352.905153488140058,16453.955569999998261,76.118384968886005,197.145792999999998,6429.023538457026007,16651.101362999997946,2/22/2024 0:00:00.000,Census Bureau,6.993239994628756,1.637356496783495,OK,6,6,Y,,"1982: Comanche Indian Tribe of Oklahoma; 
1996: Comanche Indian Tribe, Oklahoma; 
2002: Comanche Nation, Oklahoma (formerly the Comanche Indian Tribe); 
2005: Comanche Nation, Oklahoma"
Kiowa-Comanche-Apache-Fort Sill Apache,Apache Tribe of Oklahoma,Kiowa-Comanche-Apache-Fort Sill Apache OTSA,02418654,100000007,5720R,809,D6,+34.6570770,-98.8965330,6352.905153488140058,16453.955569999998261,76.118384968886005,197.145792999999998,6429.023538457026007,16651.101362999997946,2/22/2024 0:00:00.000,Census Bureau,6.993239994628756,1.637356496783495,OK,6,6,Y,,
Kiowa-Comanche-Apache-Fort Sill Apache,Fort Sill Apache Tribe of Oklahoma,Kiowa-Comanche-Apache-Fort Sill Apache OTSA,02418654,100000092,5720R,803,D6,+34.6570770,-98.8965330,6352.905153488140058,16453.955569999998261,76.118384968886005,197.145792999999998,6429.023538457026007,16651.101362999997946,2/22/2024 0:00:00.000,Census Bureau,6.993239994628756,1.637356496783495,AZ; NM; OK,9; 6; 6,NA,Y,4/23/2024: Lead EPA Region determined on case-by-case basis,
Kickapoo,Kickapoo Tribe of Oklahoma,Kickapoo OTSA,02418651,100000127,5700R,823,D6,+35.5482386,-97.0611714,318.607122119693997,825.188996999999972,3.039787609734000,7.873017000000000,321.646909729427989,833.062013999999976,2/22/2024 0:00:00.000,Census Bureau,1.570437389901294,0.082806700530500,OK,6,6,Y,,"1985: Kickapoo Tribe of Oklahoma (includes Texas Band of Kickapoo Indians); 
1993: Kickapoo Tribe of Oklahoma"
Ponca,Ponca Tribe of Indians of Oklahoma,Ponca OTSA,02419180,100000206,5800R,813,D6,+36.5882231,-97.0977514,163.556261268491994,423.608946000000003,3.393348933174000,8.788736999999999,166.949610201665990,432.397683000000029,2/22/2024 0:00:00.000,Census Bureau,1.055477978116193,0.043541572332500,OK,6,6,Y,,1982: Ponca Tribe of Indians of Oklahoma
Sac and Fox,"Sac & Fox Nation, Oklahoma",Sac and Fox OTSA,01925067,100000248,5820R,824,D6,+35.7169093,-96.7796604,740.539994672038006,1917.990568999999823,11.028603242226000,28.563962999999998,751.568597914264046,1946.554531999999881,2/22/2024 0:00:00.000,Census Bureau,2.668209826038796,0.193876742142502,OK,6,6,Y,,"1982: Sac & Fox Tribe of Indians of Oklahoma; 
1988: Sac & Fox Tribe of Oklahoma; 
1995: Sac & Fox Nation of Oklahoma; 
1996: Sac & Fox Nation, Oklahoma"
Eastern Shawnee,Eastern Shawnee Tribe of Oklahoma,Eastern Shawnee OTSA,02418563,100000077,5640R,921,D6,+36.8496045,-94.6890840,20.346241417590001,52.696545000000000,0.383338281884000,0.992842000000000,20.729579699474002,53.689387000000004,2/22/2024 0:00:00.000,Census Bureau,0.424244601210303,0.005424541911000,MO; OK,7; 6,NA,Y,4/23/2024: Lead EPA Region determined on case-by-case basis,
Kiowa-Comanche-Apache-Ft Sill Apache/Caddo-Wichita-Delaware,Kiowa Indian Tribe of Oklahoma,Kiowa-Comanche-Apache-Ft Sill Apache/Caddo-Wichita-Delaware joint-use OTSA,02418655,100000129,5955R,802,D0,+35.0575938,-98.3176096,192.853678325777992,499.488938999999959,0.601247686950000,1.557225000000000,193.454926012727981,501.046163999999976,2/22/2024 0:00:00.000,Census Bureau,2.304249411685570,0.049507353212500,OK,6,6,Y,,1982: Kiowa Indian Tribe of Oklahoma
Kiowa-Comanche-Apache-Ft Sill Apache/Caddo-Wichita-Delaware,"Comanche Nation, Oklahoma",Kiowa-Comanche-Apache-Ft Sill Apache/Caddo-Wichita-Delaware joint-use OTSA,02418655,100000052,5955R,808,D0,+35.0575938,-98.3176096,192.853678325777992,499.488938999999959,0.601247686950000,1.557225000000000,193.454926012727981,501.046163999999976,2/22/2024 0:00:00.000,Census Bureau,2.304249411685570,0.049507353212500,OK,6,6,Y,,"1982: Comanche Indian Tribe of Oklahoma; 
1996: Comanche Indian Tribe, Oklahoma; 
2002: Comanche Nation, Oklahoma (formerly the Comanche Indian Tribe); 
2005: Comanche Nation, Oklahoma"
Kiowa-Comanche-Apache-Ft Sill Apache/Caddo-Wichita-Delaware,Apache Tribe of Oklahoma,Kiowa-Comanche-Apache-Ft Sill Apache/Caddo-Wichita-Delaware joint-use OTSA,02418655,100000007,5955R,809,D0,+35.0575938,-98.3176096,192.853678325777992,499.488938999999959,0.601247686950000,1.557225000000000,193.454926012727981,501.046163999999976,2/22/2024 0:00:00.000,Census Bureau,2.304249411685570,0.049507353212500,OK,6,6,Y,,
Kiowa-Comanche-Apache-Ft Sill Apache/Caddo-Wichita-Delaware,Fort Sill Apache Tribe of Oklahoma,Kiowa-Comanche-Apache-Ft Sill Apache/Caddo-Wichita-Delaware joint-use OTSA,02418655,100000092,5955R,803,D0,+35.0575938,-98.3176096,192.853678325777992,499.488938999999959,0.601247686950000,1.557225000000000,193.454926012727981,501.046163999999976,2/22/2024 0:00:00.000,Census Bureau,2.304249411685570,0.049507353212500,AZ; NM; OK,9; 6; 6,NA,Y,4/23/2024: Lead EPA Region determined on case-by-case basis,
Kiowa-Comanche-Apache-Ft Sill Apache/Caddo-Wichita-Delaware,Caddo Nation of Oklahoma,Kiowa-Comanche-Apache-Ft Sill Apache/Caddo-Wichita-Delaware joint-use OTSA,02418655,100000027,5955R,806,D0,+35.0575938,-98.3176096,192.853678325777992,499.488938999999959,0.601247686950000,1.557225000000000,193.454926012727981,501.046163999999976,2/22/2024 0:00:00.000,Census Bureau,2.304249411685570,0.049507353212500,OK,6,6,Y,,"1982: Caddo Indian Tribe of Oklahoma; 
2003: Caddo Nation of Oklahoma (formerly the Caddo Indian Tribe of Oklahoma); 
2007: Caddo Nation of Oklahoma"
Kiowa-Comanche-Apache-Ft Sill Apache/Caddo-Wichita-Delaware,"Wichita and Affiliated Tribes (Wichita, Keechi, Waco, & Tawakonie), Oklahoma",Kiowa-Comanche-Apache-Ft Sill Apache/Caddo-Wichita-Delaware joint-use OTSA,02418655,100000325,5955R,804,D0,+35.0575938,-98.3176096,192.853678325777992,499.488938999999959,0.601247686950000,1.557225000000000,193.454926012727981,501.046163999999976,2/22/2024 0:00:00.000,Census Bureau,2.304249411685570,0.049507353212500,OK,6,6,Y,"2021: Comma added after Waco. Handle as correction, not name change","1982: Wichita Indian Tribe of Oklahoma; 
1983: Wichita and Affiliated Tribes of Oklahoma; 
1985: Wichita Indian Tribe of Oklahoma; 
1993: Wichita and Affiliated Tribes (Wichita, Keechi, Waco & Tawakonie) of Oklahoma; 
1996: Wichita and Affiliated Tribes (Wichita, Keechi, Waco & Tawakonie), Oklahoma; 
2021: Wichita and Affiliated Tribes (Wichita, Keechi, Waco, & Tawakonie), Oklahoma"
Kiowa-Comanche-Apache-Ft Sill Apache/Caddo-Wichita-Delaware,"Delaware Nation, Oklahoma",Kiowa-Comanche-Apache-Ft Sill Apache/Caddo-Wichita-Delaware joint-use OTSA,02418655,100000072,5955R,807,D0,+35.0575938,-98.3176096,192.853678325777992,499.488938999999959,0.601247686950000,1.557225000000000,193.454926012727981,501.046163999999976,2/22/2024 0:00:00.000,Census Bureau,2.304249411685570,0.049507353212500,OK,6,6,Y,,"2000: Delaware Nation, Oklahoma (formerly Delaware Tribe of Western Oklahoma); 
2005: Delaware Nation, Oklahoma"
Miami,Miami Tribe of Oklahoma,Miami OTSA,02418711,100000158,5730R,925,D6,+36.9699687,-94.9618241,27.709458296093999,71.767196999999996,0.355951294820000,0.921910000000000,28.065409590913998,72.689106999999993,2/22/2024 0:00:00.000,Census Bureau,0.410132305889478,0.007355477586000,OK,6,6,Y,,
Peoria,Peoria Tribe of Indians of Oklahoma,Peoria OTSA,02419165,100000200,5795R,926,D6,+36.9009375,-94.7444227,39.291617520128000,101.764863999999989,0.140841901458000,0.364779000000000,39.432459421586003,102.129642999999987,2/22/2024 0:00:00.000,Census Bureau,0.598921893999472,0.010325423470000,OK,6,6,Y,,1997: Peoria Tribe of Indians of Oklahoma
Iowa,Iowa Tribe of Oklahoma,Iowa OTSA,01925066,100000112,5670R,822,D6,+35.8184648,-97.0786472,356.834885772081975,924.198490999999990,3.249822850612000,8.417005999999999,360.084708622693995,932.615497000000005,2/22/2024 0:00:00.000,Census Bureau,1.568891816181785,0.093014271648499,OK,6,6,Y,,
Quapaw,Quapaw Nation,Quapaw OTSA,02419193,100000230,5810R,920,D6,+36.9633168,-94.7662662,86.398988559390006,223.772444999999976,0.473283059396000,1.225798000000000,86.872271618786002,224.998242999999974,2/22/2024 0:00:00.000,Census Bureau,0.748297039883902,0.022765027719001,KS; OK,7; 6,NA,Y,4/23/2024: Lead EPA Region determined on case-by-case basis,"1998: Quapaw Tribe of Indians, Oklahoma; 
2012: Quapaw Tribe of Indians; 
2013: The Quapaw Tribe of Indians;
2020: Quapaw Nation"
Modoc,Modoc Nation,Modoc OTSA,02418715,100000164,5740R,927,D6,+36.8618548,-94.6408441,6.244665098730000,16.173614999999998,0.000000000000000,0.000000000000000,6.244665098730000,16.173614999999998,2/22/2024 0:00:00.000,Census Bureau,0.162278427657440,0.001634372836500,OK,6,6,Y,,"2013: The Modoc Tribe of Oklahoma;
2020: Modoc Nation"
Citizen Potawatomi Nation-Absentee Shawnee,"Citizen Potawatomi Nation, Oklahoma",Citizen Potawatomi Nation-Absentee Shawnee OTSA,01925074,100000046,5600R,821,D6,+35.2052578,-97.0766298,1117.270896041550031,2893.719524999999976,17.137082829617999,44.384858999999999,1134.407978871168098,2938.104383999999754,2/22/2024 0:00:00.000,Census Bureau,3.469253859725212,0.290801532208000,OK,6,6,Y,,"1986: Citizen Band Potawatomi Indian Tribe of Oklahoma; 
1996: Citizen Potawatomi Nation, Oklahoma"
Citizen Potawatomi Nation-Absentee Shawnee,Absentee-Shawnee Tribe of Indians of Oklahoma,Citizen Potawatomi Nation-Absentee Shawnee OTSA,01925074,100000001,5600R,820,D6,+35.2052578,-97.0766298,1117.270896041550031,2893.719524999999976,17.137082829617999,44.384858999999999,1134.407978871168098,2938.104383999999754,2/22/2024 0:00:00.000,Census Bureau,3.469253859725212,0.290801532208000,OK,6,6,Y,,1982: Absentee-Shawnee Tribe of Indians of Oklahoma
Wyandotte,Wyandotte Nation,Wyandotte OTSA,02419290,100000330,5890R,924,D6,+36.7960323,-94.7069615,32.591588355821997,84.411861000000002,1.522518719314000,3.943307000000000,34.114107075135998,88.355168000000006,2/22/2024 0:00:00.000,Census Bureau,0.570222385636271,0.008921036765001,KS; OK,7; 6,NA,Y,4/23/2024: Lead EPA Region determined on case-by-case basis,"2003: Wyandotte Nation, Oklahoma (formerly the Wyandotte Tribe of Oklahoma); 
2007: Wyandotte Nation, Oklahoma; 
2012: Wyandotte Nation"
Creek,The Muscogee (Creek) Nation,Creek OTSA,01925077,100000169,5620R,908,D6,+35.6675677,-96.0182551,4628.638579288620349,11988.123809999999139,156.798593253218002,406.106658999999979,4785.437172541838663,12394.230468999998266,2/22/2024 0:00:00.000,Census Bureau,5.932746308861338,1.233652324380502,KS; OK,7; 6,NA,Y,4/23/2024: Lead EPA Region determined on case-by-case basis,"1995: Muskogee (Creek) Nation of Oklahoma; 
1996: Muscogee (Creek) Nation of Oklahoma; 
1997: Muscogee (Creek) Nation, Oklahoma; 
2012: The Muscogee (Creek) Nation"
Pawnee,Pawnee Nation of Oklahoma,Pawnee OTSA,01925076,100000197,5780R,812,D6,+36.3095441,-96.6765095,515.026996047088005,1333.914344000000028,21.771556641791999,56.388095999999997,536.798552688880022,1390.302439999999933,2/22/2024 0:00:00.000,Census Bureau,2.152170313370134,0.139504384220501,OK,6,6,Y,,"1982: Pawnee Indian Tribe of Oklahoma; 
2000: Pawnee Nation of Oklahoma"
Caddo-Wichita-Delaware,Caddo Nation of Oklahoma,Caddo-Wichita-Delaware OTSA,01925075,100000027,5540R,806,D6,+35.3187254,-98.3483785,1026.589390739615965,2658.855407999999898,11.389284672647999,29.498123999999997,1037.978675412264010,2688.353532000000087,2/22/2024 0:00:00.000,Census Bureau,3.414217843269897,0.266471423099499,OK,6,6,Y,,"1982: Caddo Indian Tribe of Oklahoma; 
2003: Caddo Nation of Oklahoma (formerly the Caddo Indian Tribe of Oklahoma); 
2007: Caddo Nation of Oklahoma"
Caddo-Wichita-Delaware,"Wichita and Affiliated Tribes (Wichita, Keechi, Waco, & Tawakonie), Oklahoma",Caddo-Wichita-Delaware OTSA,01925075,100000325,5540R,804,D6,+35.3187254,-98.3483785,1026.589390739615965,2658.855407999999898,11.389284672647999,29.498123999999997,1037.978675412264010,2688.353532000000087,2/22/2024 0:00:00.000,Census Bureau,3.414217843269897,0.266471423099499,OK,6,6,Y,"2021: Comma added after Waco. Handle as correction, not name change","1982: Wichita Indian Tribe of Oklahoma; 
1983: Wichita and Affiliated Tribes of Oklahoma; 
1985: Wichita Indian Tribe of Oklahoma; 
1993: Wichita and Affiliated Tribes (Wichita, Keechi, Waco & Tawakonie) of Oklahoma; 
1996: Wichita and Affiliated Tribes (Wichita, Keechi, Waco & Tawakonie), Oklahoma; 
2021: Wichita and Affiliated Tribes (Wichita, Keechi, Waco, & Tawakonie), Oklahoma"
Caddo-Wichita-Delaware,"Delaware Nation, Oklahoma",Caddo-Wichita-Delaware OTSA,01925075,100000072,5540R,807,D6,+35.3187254,-98.3483785,1026.589390739615965,2658.855407999999898,11.389284672647999,29.498123999999997,1037.978675412264010,2688.353532000000087,2/22/2024 0:00:00.000,Census Bureau,3.414217843269897,0.266471423099499,OK,6,6,Y,,"2000: Delaware Nation, Oklahoma (formerly Delaware Tribe of Western Oklahoma); 
2005: Delaware Nation, Oklahoma"
Chickasaw,The Chickasaw Nation,Chickasaw OTSA,02418818,100000041,5580R,906,D6,+34.4702963,-97.2341262,7242.700488261108148,18758.515853999997489,187.780005380462001,486.348180999999954,7430.480493641570320,19244.864034999998694,2/22/2024 0:00:00.000,Census Bureau,9.184210942364082,1.888411260964004,OK,6,6,Y,,"1997: Chickasaw Nation, Oklahoma; 
2012: Chickasaw Nation; 
2013: The Chickasaw Nation"
Cheyenne-Arapaho,"Cheyenne and Arapaho Tribes, Oklahoma",Cheyenne and Arapaho OTSA,02418814,100000039,5560R,801,D6,+35.6882710,-98.9538252,8116.708714187094301,21022.187696999997570,59.470023873236002,154.026717999999988,8176.178738060330033,21176.214414999998553,2/22/2024 0:00:00.000,Census Bureau,8.041734643068189,2.108527898095503,OK,6,6,Y,,"2008: Cheyenne and Arapaho Tribes, Oklahoma (formerly the Cheyenne-Arapaho Tribes of Oklahoma)"
Seneca-Cayuga,Seneca-Cayuga Nation,Seneca-Cayuga OTSA,02419214,100000268,5835R,923,D6,+36.6920319,-94.6788260,72.301640829633996,187.260467000000006,10.961796399268000,28.390933999999998,83.263437228901992,215.651400999999993,2/22/2024 0:00:00.000,Census Bureau,0.831196941106425,0.021745024935500,OK,6,6,Y,1/30/2018 list uses ""--"" but we don't consider that a name change.,2015: Seneca-Cayuga Nation
